parent_directory|object_type|name|size_in_bytes
C:\Users\Geo\Desktop\GB_Python_8|File|second_task.py|2246
C:\Users\Geo\Desktop\GB_Python_8|File|third_task.py|214
C:\Users\Geo\Desktop\GB_Python_8|Directory|.idea|1572
C:\Users\Geo\Desktop\GB_Python_8|Directory|venv|13029212
C:\Users\Geo\Desktop\GB_Python_8\.idea|File|.gitignore|50
C:\Users\Geo\Desktop\GB_Python_8\.idea|File|GB_Python_8.iml|361
C:\Users\Geo\Desktop\GB_Python_8\.idea|File|misc.xml|203
C:\Users\Geo\Desktop\GB_Python_8\.idea|File|modules.xml|281
C:\Users\Geo\Desktop\GB_Python_8\.idea|Directory|inspectionProfiles|677
C:\Users\Geo\Desktop\GB_Python_8\.idea\inspectionProfiles|File|profiles_settings.xml|174
C:\Users\Geo\Desktop\GB_Python_8\.idea\inspectionProfiles|File|Project_Default.xml|503
C:\Users\Geo\Desktop\GB_Python_8\venv|File|.gitignore|42
C:\Users\Geo\Desktop\GB_Python_8\venv|File|pyvenv.cfg|402
C:\Users\Geo\Desktop\GB_Python_8\venv|Directory|Lib|11633577
C:\Users\Geo\Desktop\GB_Python_8\venv|Directory|Scripts|1395191
C:\Users\Geo\Desktop\GB_Python_8\venv\Lib|Directory|site-packages|11633577
C:\Users\Geo\Desktop\GB_Python_8\venv\Lib\site-packages|File|distutils-precedence.pth|151
C:\Users\Geo\Desktop\GB_Python_8\venv\Lib\site-packages|File|pip-22.3.1.virtualenv|0
C:\Users\Geo\Desktop\GB_Python_8\venv\Lib\site-packages|File|setuptools-65.5.1.virtualenv|0
C:\Users\Geo\Desktop\GB_Python_8\venv\Lib\site-packages|File|wheel-0.38.4.virtualenv|0
C:\Users\Geo\Desktop\GB_Python_8\venv\Lib\site-packages|File|_virtualenv.pth|18
C:\Users\Geo\Desktop\GB_Python_8\venv\Lib\site-packages|File|_virtualenv.py|5770
C:\Users\Geo\Desktop\GB_Python_8\venv\Lib\site-packages|Directory|pip|6847400
C:\Users\Geo\Desktop\GB_Python_8\venv\Lib\site-packages|Directory|pip-22.3.1.dist-info|76670
C:\Users\Geo\Desktop\GB_Python_8\venv\Lib\site-packages|Directory|pkg_resources|1510402
C:\Users\Geo\Desktop\GB_Python_8\venv\Lib\site-packages|Directory|setuptools|3027307
C:\Users\Geo\Desktop\GB_Python_8\venv\Lib\site-packages|Directory|setuptools-65.5.1.dist-info|45895
C:\Users\Geo\Desktop\GB_Python_8\venv\Lib\site-packages|Directory|wheel|95910
C:\Users\Geo\Desktop\GB_Python_8\venv\Lib\site-packages|Directory|wheel-0.38.4.dist-info|6262
C:\Users\Geo\Desktop\GB_Python_8\venv\Lib\site-packages|Directory|_distutils_hack|13752
C:\Users\Geo\Desktop\GB_Python_8\venv\Lib\site-packages|Directory|__pycache__|4040
C:\Users\Geo\Desktop\GB_Python_8\venv\Lib\site-packages\pip|File|py.typed|286
C:\Users\Geo\Desktop\GB_Python_8\venv\Lib\site-packages\pip|File|__init__.py|357
C:\Users\Geo\Desktop\GB_Python_8\venv\Lib\site-packages\pip|File|__main__.py|1198
C:\Users\Geo\Desktop\GB_Python_8\venv\Lib\site-packages\pip|File|__pip-runner__.py|1444
C:\Users\Geo\Desktop\GB_Python_8\venv\Lib\site-packages\pip|Directory|_internal|1035611
C:\Users\Geo\Desktop\GB_Python_8\venv\Lib\site-packages\pip|Directory|_vendor|5808504
C:\Users\Geo\Desktop\GB_Python_8\venv\Lib\site-packages\pip\_internal|File|build_env.py|10234
C:\Users\Geo\Desktop\GB_Python_8\venv\Lib\site-packages\pip\_internal|File|cache.py|10734
C:\Users\Geo\Desktop\GB_Python_8\venv\Lib\site-packages\pip\_internal|File|configuration.py|13529
C:\Users\Geo\Desktop\GB_Python_8\venv\Lib\site-packages\pip\_internal|File|exceptions.py|20942
C:\Users\Geo\Desktop\GB_Python_8\venv\Lib\site-packages\pip\_internal|File|main.py|340
C:\Users\Geo\Desktop\GB_Python_8\venv\Lib\site-packages\pip\_internal|File|pyproject.py|7074
C:\Users\Geo\Desktop\GB_Python_8\venv\Lib\site-packages\pip\_internal|File|self_outdated_check.py|8020
C:\Users\Geo\Desktop\GB_Python_8\venv\Lib\site-packages\pip\_internal|File|wheel_builder.py|13079
C:\Users\Geo\Desktop\GB_Python_8\venv\Lib\site-packages\pip\_internal|File|__init__.py|573
C:\Users\Geo\Desktop\GB_Python_8\venv\Lib\site-packages\pip\_internal|Directory|cli|87806
C:\Users\Geo\Desktop\GB_Python_8\venv\Lib\site-packages\pip\_internal|Directory|commands|119848
C:\Users\Geo\Desktop\GB_Python_8\venv\Lib\site-packages\pip\_internal|Directory|distributions|10466
C:\Users\Geo\Desktop\GB_Python_8\venv\Lib\site-packages\pip\_internal|Directory|index|60686
C:\Users\Geo\Desktop\GB_Python_8\venv\Lib\site-packages\pip\_internal|Directory|locations|34294
C:\Users\Geo\Desktop\GB_Python_8\venv\Lib\site-packages\pip\_internal|Directory|metadata|59552
C:\Users\Geo\Desktop\GB_Python_8\venv\Lib\site-packages\pip\_internal|Directory|models|45927
C:\Users\Geo\Desktop\GB_Python_8\venv\Lib\site-packages\pip\_internal|Directory|network|52426
C:\Users\Geo\Desktop\GB_Python_8\venv\Lib\site-packages\pip\_internal|Directory|operations|87624
C:\Users\Geo\Desktop\GB_Python_8\venv\Lib\site-packages\pip\_internal|Directory|req|99567
C:\Users\Geo\Desktop\GB_Python_8\venv\Lib\site-packages\pip\_internal|Directory|resolution|111906
C:\Users\Geo\Desktop\GB_Python_8\venv\Lib\site-packages\pip\_internal|Directory|utils|118977
C:\Users\Geo\Desktop\GB_Python_8\venv\Lib\site-packages\pip\_internal|Directory|vcs|62007
C:\Users\Geo\Desktop\GB_Python_8\venv\Lib\site-packages\pip\_internal\cli|File|autocompletion.py|6676
C:\Users\Geo\Desktop\GB_Python_8\venv\Lib\site-packages\pip\_internal\cli|File|base_command.py|7842
C:\Users\Geo\Desktop\GB_Python_8\venv\Lib\site-packages\pip\_internal\cli|File|cmdoptions.py|29381
C:\Users\Geo\Desktop\GB_Python_8\venv\Lib\site-packages\pip\_internal\cli|File|command_context.py|774
C:\Users\Geo\Desktop\GB_Python_8\venv\Lib\site-packages\pip\_internal\cli|File|main.py|2472
C:\Users\Geo\Desktop\GB_Python_8\venv\Lib\site-packages\pip\_internal\cli|File|main_parser.py|4338
C:\Users\Geo\Desktop\GB_Python_8\venv\Lib\site-packages\pip\_internal\cli|File|parser.py|10817
C:\Users\Geo\Desktop\GB_Python_8\venv\Lib\site-packages\pip\_internal\cli|File|progress_bars.py|1968
C:\Users\Geo\Desktop\GB_Python_8\venv\Lib\site-packages\pip\_internal\cli|File|req_command.py|18172
C:\Users\Geo\Desktop\GB_Python_8\venv\Lib\site-packages\pip\_internal\cli|File|spinners.py|5118
C:\Users\Geo\Desktop\GB_Python_8\venv\Lib\site-packages\pip\_internal\cli|File|status_codes.py|116
C:\Users\Geo\Desktop\GB_Python_8\venv\Lib\site-packages\pip\_internal\cli|File|__init__.py|132
C:\Users\Geo\Desktop\GB_Python_8\venv\Lib\site-packages\pip\_internal\commands|File|cache.py|7582
C:\Users\Geo\Desktop\GB_Python_8\venv\Lib\site-packages\pip\_internal\commands|File|check.py|1685
C:\Users\Geo\Desktop\GB_Python_8\venv\Lib\site-packages\pip\_internal\commands|File|completion.py|4129
C:\Users\Geo\Desktop\GB_Python_8\venv\Lib\site-packages\pip\_internal\commands|File|configuration.py|9815
C:\Users\Geo\Desktop\GB_Python_8\venv\Lib\site-packages\pip\_internal\commands|File|debug.py|6573
C:\Users\Geo\Desktop\GB_Python_8\venv\Lib\site-packages\pip\_internal\commands|File|download.py|5289
C:\Users\Geo\Desktop\GB_Python_8\venv\Lib\site-packages\pip\_internal\commands|File|freeze.py|2951
C:\Users\Geo\Desktop\GB_Python_8\venv\Lib\site-packages\pip\_internal\commands|File|hash.py|1703
C:\Users\Geo\Desktop\GB_Python_8\venv\Lib\site-packages\pip\_internal\commands|File|help.py|1132
C:\Users\Geo\Desktop\GB_Python_8\venv\Lib\site-packages\pip\_internal\commands|File|index.py|4762
C:\Users\Geo\Desktop\GB_Python_8\venv\Lib\site-packages\pip\_internal\commands|File|inspect.py|3374
C:\Users\Geo\Desktop\GB_Python_8\venv\Lib\site-packages\pip\_internal\commands|File|install.py|31726
C:\Users\Geo\Desktop\GB_Python_8\venv\Lib\site-packages\pip\_internal\commands|File|list.py|12343
C:\Users\Geo\Desktop\GB_Python_8\venv\Lib\site-packages\pip\_internal\commands|File|search.py|5697
C:\Users\Geo\Desktop\GB_Python_8\venv\Lib\site-packages\pip\_internal\commands|File|show.py|6129
C:\Users\Geo\Desktop\GB_Python_8\venv\Lib\site-packages\pip\_internal\commands|File|uninstall.py|3680
C:\Users\Geo\Desktop\GB_Python_8\venv\Lib\site-packages\pip\_internal\commands|File|wheel.py|7396
C:\Users\Geo\Desktop\GB_Python_8\venv\Lib\site-packages\pip\_internal\commands|File|__init__.py|3882
C:\Users\Geo\Desktop\GB_Python_8\venv\Lib\site-packages\pip\_internal\distributions|File|base.py|1221
C:\Users\Geo\Desktop\GB_Python_8\venv\Lib\site-packages\pip\_internal\distributions|File|installed.py|729
C:\Users\Geo\Desktop\GB_Python_8\venv\Lib\site-packages\pip\_internal\distributions|File|sdist.py|6494
C:\Users\Geo\Desktop\GB_Python_8\venv\Lib\site-packages\pip\_internal\distributions|File|wheel.py|1164
C:\Users\Geo\Desktop\GB_Python_8\venv\Lib\site-packages\pip\_internal\distributions|File|__init__.py|858
C:\Users\Geo\Desktop\GB_Python_8\venv\Lib\site-packages\pip\_internal\index|File|collector.py|16503
C:\Users\Geo\Desktop\GB_Python_8\venv\Lib\site-packages\pip\_internal\index|File|package_finder.py|37596
C:\Users\Geo\Desktop\GB_Python_8\venv\Lib\site-packages\pip\_internal\index|File|sources.py|6557
C:\Users\Geo\Desktop\GB_Python_8\venv\Lib\site-packages\pip\_internal\index|File|__init__.py|30
C:\Users\Geo\Desktop\GB_Python_8\venv\Lib\site-packages\pip\_internal\locations|File|base.py|2573
C:\Users\Geo\Desktop\GB_Python_8\venv\Lib\site-packages\pip\_internal\locations|File|_distutils.py|6302
C:\Users\Geo\Desktop\GB_Python_8\venv\Lib\site-packages\pip\_internal\locations|File|_sysconfig.py|7867
C:\Users\Geo\Desktop\GB_Python_8\venv\Lib\site-packages\pip\_internal\locations|File|__init__.py|17552
C:\Users\Geo\Desktop\GB_Python_8\venv\Lib\site-packages\pip\_internal\metadata|File|base.py|25277
C:\Users\Geo\Desktop\GB_Python_8\venv\Lib\site-packages\pip\_internal\metadata|File|pkg_resources.py|9773
C:\Users\Geo\Desktop\GB_Python_8\venv\Lib\site-packages\pip\_internal\metadata|File|_json.py|2595
C:\Users\Geo\Desktop\GB_Python_8\venv\Lib\site-packages\pip\_internal\metadata|File|__init__.py|4280
C:\Users\Geo\Desktop\GB_Python_8\venv\Lib\site-packages\pip\_internal\metadata|Directory|importlib|17627
C:\Users\Geo\Desktop\GB_Python_8\venv\Lib\site-packages\pip\_internal\metadata\importlib|File|_compat.py|1882
C:\Users\Geo\Desktop\GB_Python_8\venv\Lib\site-packages\pip\_internal\metadata\importlib|File|_dists.py|8181
C:\Users\Geo\Desktop\GB_Python_8\venv\Lib\site-packages\pip\_internal\metadata\importlib|File|_envs.py|7457
C:\Users\Geo\Desktop\GB_Python_8\venv\Lib\site-packages\pip\_internal\metadata\importlib|File|__init__.py|107
C:\Users\Geo\Desktop\GB_Python_8\venv\Lib\site-packages\pip\_internal\models|File|candidate.py|990
C:\Users\Geo\Desktop\GB_Python_8\venv\Lib\site-packages\pip\_internal\models|File|direct_url.py|5877
C:\Users\Geo\Desktop\GB_Python_8\venv\Lib\site-packages\pip\_internal\models|File|format_control.py|2520
C:\Users\Geo\Desktop\GB_Python_8\venv\Lib\site-packages\pip\_internal\models|File|index.py|1030
C:\Users\Geo\Desktop\GB_Python_8\venv\Lib\site-packages\pip\_internal\models|File|installation_report.py|2617
C:\Users\Geo\Desktop\GB_Python_8\venv\Lib\site-packages\pip\_internal\models|File|link.py|18083
C:\Users\Geo\Desktop\GB_Python_8\venv\Lib\site-packages\pip\_internal\models|File|scheme.py|738
C:\Users\Geo\Desktop\GB_Python_8\venv\Lib\site-packages\pip\_internal\models|File|search_scope.py|4644
C:\Users\Geo\Desktop\GB_Python_8\venv\Lib\site-packages\pip\_internal\models|File|selection_prefs.py|1907
C:\Users\Geo\Desktop\GB_Python_8\venv\Lib\site-packages\pip\_internal\models|File|target_python.py|3858
C:\Users\Geo\Desktop\GB_Python_8\venv\Lib\site-packages\pip\_internal\models|File|wheel.py|3600
C:\Users\Geo\Desktop\GB_Python_8\venv\Lib\site-packages\pip\_internal\models|File|__init__.py|63
C:\Users\Geo\Desktop\GB_Python_8\venv\Lib\site-packages\pip\_internal\network|File|auth.py|12190
C:\Users\Geo\Desktop\GB_Python_8\venv\Lib\site-packages\pip\_internal\network|File|cache.py|2145
C:\Users\Geo\Desktop\GB_Python_8\venv\Lib\site-packages\pip\_internal\network|File|download.py|6096
C:\Users\Geo\Desktop\GB_Python_8\venv\Lib\site-packages\pip\_internal\network|File|lazy_wheel.py|7638
C:\Users\Geo\Desktop\GB_Python_8\venv\Lib\site-packages\pip\_internal\network|File|session.py|18443
C:\Users\Geo\Desktop\GB_Python_8\venv\Lib\site-packages\pip\_internal\network|File|utils.py|4073
C:\Users\Geo\Desktop\GB_Python_8\venv\Lib\site-packages\pip\_internal\network|File|xmlrpc.py|1791
C:\Users\Geo\Desktop\GB_Python_8\venv\Lib\site-packages\pip\_internal\network|File|__init__.py|50
C:\Users\Geo\Desktop\GB_Python_8\venv\Lib\site-packages\pip\_internal\operations|File|check.py|5109
C:\Users\Geo\Desktop\GB_Python_8\venv\Lib\site-packages\pip\_internal\operations|File|freeze.py|9784
C:\Users\Geo\Desktop\GB_Python_8\venv\Lib\site-packages\pip\_internal\operations|File|prepare.py|25091
C:\Users\Geo\Desktop\GB_Python_8\venv\Lib\site-packages\pip\_internal\operations|File|__init__.py|0
C:\Users\Geo\Desktop\GB_Python_8\venv\Lib\site-packages\pip\_internal\operations|Directory|build|14723
C:\Users\Geo\Desktop\GB_Python_8\venv\Lib\site-packages\pip\_internal\operations|Directory|install|32917
C:\Users\Geo\Desktop\GB_Python_8\venv\Lib\site-packages\pip\_internal\operations\build|File|build_tracker.py|4133
C:\Users\Geo\Desktop\GB_Python_8\venv\Lib\site-packages\pip\_internal\operations\build|File|metadata.py|1404
C:\Users\Geo\Desktop\GB_Python_8\venv\Lib\site-packages\pip\_internal\operations\build|File|metadata_editable.py|1456
C:\Users\Geo\Desktop\GB_Python_8\venv\Lib\site-packages\pip\_internal\operations\build|File|metadata_legacy.py|2198
C:\Users\Geo\Desktop\GB_Python_8\venv\Lib\site-packages\pip\_internal\operations\build|File|wheel.py|1063
C:\Users\Geo\Desktop\GB_Python_8\venv\Lib\site-packages\pip\_internal\operations\build|File|wheel_editable.py|1405
C:\Users\Geo\Desktop\GB_Python_8\venv\Lib\site-packages\pip\_internal\operations\build|File|wheel_legacy.py|3064
C:\Users\Geo\Desktop\GB_Python_8\venv\Lib\site-packages\pip\_internal\operations\build|File|__init__.py|0
C:\Users\Geo\Desktop\GB_Python_8\venv\Lib\site-packages\pip\_internal\operations\install|File|editable_legacy.py|1354
C:\Users\Geo\Desktop\GB_Python_8\venv\Lib\site-packages\pip\_internal\operations\install|File|legacy.py|4105
C:\Users\Geo\Desktop\GB_Python_8\venv\Lib\site-packages\pip\_internal\operations\install|File|wheel.py|27407
C:\Users\Geo\Desktop\GB_Python_8\venv\Lib\site-packages\pip\_internal\operations\install|File|__init__.py|51
C:\Users\Geo\Desktop\GB_Python_8\venv\Lib\site-packages\pip\_internal\req|File|constructors.py|16611
C:\Users\Geo\Desktop\GB_Python_8\venv\Lib\site-packages\pip\_internal\req|File|req_file.py|17646
C:\Users\Geo\Desktop\GB_Python_8\venv\Lib\site-packages\pip\_internal\req|File|req_install.py|35600
C:\Users\Geo\Desktop\GB_Python_8\venv\Lib\site-packages\pip\_internal\req|File|req_set.py|2858
C:\Users\Geo\Desktop\GB_Python_8\venv\Lib\site-packages\pip\_internal\req|File|req_uninstall.py|24045
C:\Users\Geo\Desktop\GB_Python_8\venv\Lib\site-packages\pip\_internal\req|File|__init__.py|2807
C:\Users\Geo\Desktop\GB_Python_8\venv\Lib\site-packages\pip\_internal\resolution|File|base.py|583
C:\Users\Geo\Desktop\GB_Python_8\venv\Lib\site-packages\pip\_internal\resolution|File|__init__.py|0
C:\Users\Geo\Desktop\GB_Python_8\venv\Lib\site-packages\pip\_internal\resolution|Directory|legacy|24129
C:\Users\Geo\Desktop\GB_Python_8\venv\Lib\site-packages\pip\_internal\resolution|Directory|resolvelib|87194
C:\Users\Geo\Desktop\GB_Python_8\venv\Lib\site-packages\pip\_internal\resolution\legacy|File|resolver.py|24129
C:\Users\Geo\Desktop\GB_Python_8\venv\Lib\site-packages\pip\_internal\resolution\legacy|File|__init__.py|0
C:\Users\Geo\Desktop\GB_Python_8\venv\Lib\site-packages\pip\_internal\resolution\resolvelib|File|base.py|5220
C:\Users\Geo\Desktop\GB_Python_8\venv\Lib\site-packages\pip\_internal\resolution\resolvelib|File|candidates.py|18963
C:\Users\Geo\Desktop\GB_Python_8\venv\Lib\site-packages\pip\_internal\resolution\resolvelib|File|factory.py|27878
C:\Users\Geo\Desktop\GB_Python_8\venv\Lib\site-packages\pip\_internal\resolution\resolvelib|File|found_candidates.py|5705
C:\Users\Geo\Desktop\GB_Python_8\venv\Lib\site-packages\pip\_internal\resolution\resolvelib|File|provider.py|9914
C:\Users\Geo\Desktop\GB_Python_8\venv\Lib\site-packages\pip\_internal\resolution\resolvelib|File|reporter.py|2526
C:\Users\Geo\Desktop\GB_Python_8\venv\Lib\site-packages\pip\_internal\resolution\resolvelib|File|requirements.py|5455
C:\Users\Geo\Desktop\GB_Python_8\venv\Lib\site-packages\pip\_internal\resolution\resolvelib|File|resolver.py|11533
C:\Users\Geo\Desktop\GB_Python_8\venv\Lib\site-packages\pip\_internal\resolution\resolvelib|File|__init__.py|0
C:\Users\Geo\Desktop\GB_Python_8\venv\Lib\site-packages\pip\_internal\utils|File|appdirs.py|1665
C:\Users\Geo\Desktop\GB_Python_8\venv\Lib\site-packages\pip\_internal\utils|File|compat.py|1884
C:\Users\Geo\Desktop\GB_Python_8\venv\Lib\site-packages\pip\_internal\utils|File|compatibility_tags.py|5377
C:\Users\Geo\Desktop\GB_Python_8\venv\Lib\site-packages\pip\_internal\utils|File|datetime.py|242
C:\Users\Geo\Desktop\GB_Python_8\venv\Lib\site-packages\pip\_internal\utils|File|deprecation.py|5764
C:\Users\Geo\Desktop\GB_Python_8\venv\Lib\site-packages\pip\_internal\utils|File|direct_url_helpers.py|3206
C:\Users\Geo\Desktop\GB_Python_8\venv\Lib\site-packages\pip\_internal\utils|File|distutils_args.py|1115
C:\Users\Geo\Desktop\GB_Python_8\venv\Lib\site-packages\pip\_internal\utils|File|egg_link.py|2203
C:\Users\Geo\Desktop\GB_Python_8\venv\Lib\site-packages\pip\_internal\utils|File|encoding.py|1169
C:\Users\Geo\Desktop\GB_Python_8\venv\Lib\site-packages\pip\_internal\utils|File|entrypoints.py|3064
C:\Users\Geo\Desktop\GB_Python_8\venv\Lib\site-packages\pip\_internal\utils|File|filesystem.py|5122
C:\Users\Geo\Desktop\GB_Python_8\venv\Lib\site-packages\pip\_internal\utils|File|filetypes.py|716
C:\Users\Geo\Desktop\GB_Python_8\venv\Lib\site-packages\pip\_internal\utils|File|glibc.py|3110
C:\Users\Geo\Desktop\GB_Python_8\venv\Lib\site-packages\pip\_internal\utils|File|hashes.py|4831
C:\Users\Geo\Desktop\GB_Python_8\venv\Lib\site-packages\pip\_internal\utils|File|inject_securetransport.py|795
C:\Users\Geo\Desktop\GB_Python_8\venv\Lib\site-packages\pip\_internal\utils|File|logging.py|11632
C:\Users\Geo\Desktop\GB_Python_8\venv\Lib\site-packages\pip\_internal\utils|File|misc.py|21617
C:\Users\Geo\Desktop\GB_Python_8\venv\Lib\site-packages\pip\_internal\utils|File|models.py|1193
C:\Users\Geo\Desktop\GB_Python_8\venv\Lib\site-packages\pip\_internal\utils|File|packaging.py|2108
C:\Users\Geo\Desktop\GB_Python_8\venv\Lib\site-packages\pip\_internal\utils|File|setuptools_build.py|5662
C:\Users\Geo\Desktop\GB_Python_8\venv\Lib\site-packages\pip\_internal\utils|File|subprocess.py|9197
C:\Users\Geo\Desktop\GB_Python_8\venv\Lib\site-packages\pip\_internal\utils|File|temp_dir.py|7702
C:\Users\Geo\Desktop\GB_Python_8\venv\Lib\site-packages\pip\_internal\utils|File|unpacking.py|8821
C:\Users\Geo\Desktop\GB_Python_8\venv\Lib\site-packages\pip\_internal\utils|File|urls.py|1759
C:\Users\Geo\Desktop\GB_Python_8\venv\Lib\site-packages\pip\_internal\utils|File|virtualenv.py|3459
C:\Users\Geo\Desktop\GB_Python_8\venv\Lib\site-packages\pip\_internal\utils|File|wheel.py|4549
C:\Users\Geo\Desktop\GB_Python_8\venv\Lib\site-packages\pip\_internal\utils|File|_log.py|1015
C:\Users\Geo\Desktop\GB_Python_8\venv\Lib\site-packages\pip\_internal\utils|File|__init__.py|0
C:\Users\Geo\Desktop\GB_Python_8\venv\Lib\site-packages\pip\_internal\vcs|File|bazaar.py|3518
C:\Users\Geo\Desktop\GB_Python_8\venv\Lib\site-packages\pip\_internal\vcs|File|git.py|18116
C:\Users\Geo\Desktop\GB_Python_8\venv\Lib\site-packages\pip\_internal\vcs|File|mercurial.py|5238
C:\Users\Geo\Desktop\GB_Python_8\venv\Lib\site-packages\pip\_internal\vcs|File|subversion.py|11728
C:\Users\Geo\Desktop\GB_Python_8\venv\Lib\site-packages\pip\_internal\vcs|File|versioncontrol.py|22811
C:\Users\Geo\Desktop\GB_Python_8\venv\Lib\site-packages\pip\_internal\vcs|File|__init__.py|596
C:\Users\Geo\Desktop\GB_Python_8\venv\Lib\site-packages\pip\_vendor|File|six.py|34549
C:\Users\Geo\Desktop\GB_Python_8\venv\Lib\site-packages\pip\_vendor|File|typing_extensions.py|80114
C:\Users\Geo\Desktop\GB_Python_8\venv\Lib\site-packages\pip\_vendor|File|vendor.txt|469
C:\Users\Geo\Desktop\GB_Python_8\venv\Lib\site-packages\pip\_vendor|File|__init__.py|4966
C:\Users\Geo\Desktop\GB_Python_8\venv\Lib\site-packages\pip\_vendor|Directory|cachecontrol|48131
C:\Users\Geo\Desktop\GB_Python_8\venv\Lib\site-packages\pip\_vendor|Directory|certifi|290998
C:\Users\Geo\Desktop\GB_Python_8\venv\Lib\site-packages\pip\_vendor|Directory|chardet|1092504
C:\Users\Geo\Desktop\GB_Python_8\venv\Lib\site-packages\pip\_vendor|Directory|colorama|27348
C:\Users\Geo\Desktop\GB_Python_8\venv\Lib\site-packages\pip\_vendor|Directory|distlib|1139219
C:\Users\Geo\Desktop\GB_Python_8\venv\Lib\site-packages\pip\_vendor|Directory|distro|49886
C:\Users\Geo\Desktop\GB_Python_8\venv\Lib\site-packages\pip\_vendor|Directory|idna|270310
C:\Users\Geo\Desktop\GB_Python_8\venv\Lib\site-packages\pip\_vendor|Directory|msgpack|42850
C:\Users\Geo\Desktop\GB_Python_8\venv\Lib\site-packages\pip\_vendor|Directory|packaging|96292
C:\Users\Geo\Desktop\GB_Python_8\venv\Lib\site-packages\pip\_vendor|Directory|pep517|47390
C:\Users\Geo\Desktop\GB_Python_8\venv\Lib\site-packages\pip\_vendor|Directory|pkg_resources|108849
C:\Users\Geo\Desktop\GB_Python_8\venv\Lib\site-packages\pip\_vendor|Directory|platformdirs|39067
C:\Users\Geo\Desktop\GB_Python_8\venv\Lib\site-packages\pip\_vendor|Directory|pygments|479266
C:\Users\Geo\Desktop\GB_Python_8\venv\Lib\site-packages\pip\_vendor|Directory|pyparsing|370049
C:\Users\Geo\Desktop\GB_Python_8\venv\Lib\site-packages\pip\_vendor|Directory|requests|180427
C:\Users\Geo\Desktop\GB_Python_8\venv\Lib\site-packages\pip\_vendor|Directory|resolvelib|30534
C:\Users\Geo\Desktop\GB_Python_8\venv\Lib\site-packages\pip\_vendor|Directory|rich|878477
C:\Users\Geo\Desktop\GB_Python_8\venv\Lib\site-packages\pip\_vendor|Directory|tenacity|50281
C:\Users\Geo\Desktop\GB_Python_8\venv\Lib\site-packages\pip\_vendor|Directory|tomli|26226
C:\Users\Geo\Desktop\GB_Python_8\venv\Lib\site-packages\pip\_vendor|Directory|urllib3|388569
C:\Users\Geo\Desktop\GB_Python_8\venv\Lib\site-packages\pip\_vendor|Directory|webencodings|31733
C:\Users\Geo\Desktop\GB_Python_8\venv\Lib\site-packages\pip\_vendor\cachecontrol|File|adapter.py|5033
C:\Users\Geo\Desktop\GB_Python_8\venv\Lib\site-packages\pip\_vendor\cachecontrol|File|cache.py|1535
C:\Users\Geo\Desktop\GB_Python_8\venv\Lib\site-packages\pip\_vendor\cachecontrol|File|compat.py|778
C:\Users\Geo\Desktop\GB_Python_8\venv\Lib\site-packages\pip\_vendor\cachecontrol|File|controller.py|16416
C:\Users\Geo\Desktop\GB_Python_8\venv\Lib\site-packages\pip\_vendor\cachecontrol|File|filewrapper.py|3946
C:\Users\Geo\Desktop\GB_Python_8\venv\Lib\site-packages\pip\_vendor\cachecontrol|File|heuristics.py|4154
C:\Users\Geo\Desktop\GB_Python_8\venv\Lib\site-packages\pip\_vendor\cachecontrol|File|serialize.py|7105
C:\Users\Geo\Desktop\GB_Python_8\venv\Lib\site-packages\pip\_vendor\cachecontrol|File|wrapper.py|774
C:\Users\Geo\Desktop\GB_Python_8\venv\Lib\site-packages\pip\_vendor\cachecontrol|File|_cmd.py|1379
C:\Users\Geo\Desktop\GB_Python_8\venv\Lib\site-packages\pip\_vendor\cachecontrol|File|__init__.py|465
C:\Users\Geo\Desktop\GB_Python_8\venv\Lib\site-packages\pip\_vendor\cachecontrol|Directory|caches|6546
C:\Users\Geo\Desktop\GB_Python_8\venv\Lib\site-packages\pip\_vendor\cachecontrol\caches|File|file_cache.py|5271
C:\Users\Geo\Desktop\GB_Python_8\venv\Lib\site-packages\pip\_vendor\cachecontrol\caches|File|redis_cache.py|1033
C:\Users\Geo\Desktop\GB_Python_8\venv\Lib\site-packages\pip\_vendor\cachecontrol\caches|File|__init__.py|242
C:\Users\Geo\Desktop\GB_Python_8\venv\Lib\site-packages\pip\_vendor\certifi|File|cacert.pem|286370
C:\Users\Geo\Desktop\GB_Python_8\venv\Lib\site-packages\pip\_vendor\certifi|File|core.py|4279
C:\Users\Geo\Desktop\GB_Python_8\venv\Lib\site-packages\pip\_vendor\certifi|File|__init__.py|94
C:\Users\Geo\Desktop\GB_Python_8\venv\Lib\site-packages\pip\_vendor\certifi|File|__main__.py|255
C:\Users\Geo\Desktop\GB_Python_8\venv\Lib\site-packages\pip\_vendor\chardet|File|big5freq.py|31274
C:\Users\Geo\Desktop\GB_Python_8\venv\Lib\site-packages\pip\_vendor\chardet|File|big5prober.py|1741
C:\Users\Geo\Desktop\GB_Python_8\venv\Lib\site-packages\pip\_vendor\chardet|File|chardistribution.py|9608
C:\Users\Geo\Desktop\GB_Python_8\venv\Lib\site-packages\pip\_vendor\chardet|File|charsetgroupprober.py|3817
C:\Users\Geo\Desktop\GB_Python_8\venv\Lib\site-packages\pip\_vendor\chardet|File|charsetprober.py|4801
C:\Users\Geo\Desktop\GB_Python_8\venv\Lib\site-packages\pip\_vendor\chardet|File|codingstatemachine.py|3559
C:\Users\Geo\Desktop\GB_Python_8\venv\Lib\site-packages\pip\_vendor\chardet|File|cp949prober.py|1838
C:\Users\Geo\Desktop\GB_Python_8\venv\Lib\site-packages\pip\_vendor\chardet|File|enums.py|1619
C:\Users\Geo\Desktop\GB_Python_8\venv\Lib\site-packages\pip\_vendor\chardet|File|escprober.py|3864
C:\Users\Geo\Desktop\GB_Python_8\venv\Lib\site-packages\pip\_vendor\chardet|File|escsm.py|12021
C:\Users\Geo\Desktop\GB_Python_8\venv\Lib\site-packages\pip\_vendor\chardet|File|eucjpprober.py|3676
C:\Users\Geo\Desktop\GB_Python_8\venv\Lib\site-packages\pip\_vendor\chardet|File|euckrfreq.py|13566
C:\Users\Geo\Desktop\GB_Python_8\venv\Lib\site-packages\pip\_vendor\chardet|File|euckrprober.py|1731
C:\Users\Geo\Desktop\GB_Python_8\venv\Lib\site-packages\pip\_vendor\chardet|File|euctwfreq.py|36913
C:\Users\Geo\Desktop\GB_Python_8\venv\Lib\site-packages\pip\_vendor\chardet|File|euctwprober.py|1731
C:\Users\Geo\Desktop\GB_Python_8\venv\Lib\site-packages\pip\_vendor\chardet|File|gb2312freq.py|20735
C:\Users\Geo\Desktop\GB_Python_8\venv\Lib\site-packages\pip\_vendor\chardet|File|gb2312prober.py|1737
C:\Users\Geo\Desktop\GB_Python_8\venv\Lib\site-packages\pip\_vendor\chardet|File|hebrewprober.py|13919
C:\Users\Geo\Desktop\GB_Python_8\venv\Lib\site-packages\pip\_vendor\chardet|File|jisfreq.py|25796
C:\Users\Geo\Desktop\GB_Python_8\venv\Lib\site-packages\pip\_vendor\chardet|File|johabfreq.py|42498
C:\Users\Geo\Desktop\GB_Python_8\venv\Lib\site-packages\pip\_vendor\chardet|File|johabprober.py|1730
C:\Users\Geo\Desktop\GB_Python_8\venv\Lib\site-packages\pip\_vendor\chardet|File|jpcntx.py|26797
C:\Users\Geo\Desktop\GB_Python_8\venv\Lib\site-packages\pip\_vendor\chardet|File|langbulgarianmodel.py|104562
C:\Users\Geo\Desktop\GB_Python_8\venv\Lib\site-packages\pip\_vendor\chardet|File|langgreekmodel.py|98484
C:\Users\Geo\Desktop\GB_Python_8\venv\Lib\site-packages\pip\_vendor\chardet|File|langhebrewmodel.py|98196
C:\Users\Geo\Desktop\GB_Python_8\venv\Lib\site-packages\pip\_vendor\chardet|File|langhungarianmodel.py|101363
C:\Users\Geo\Desktop\GB_Python_8\venv\Lib\site-packages\pip\_vendor\chardet|File|langrussianmodel.py|128035
C:\Users\Geo\Desktop\GB_Python_8\venv\Lib\site-packages\pip\_vendor\chardet|File|langthaimodel.py|102774
C:\Users\Geo\Desktop\GB_Python_8\venv\Lib\site-packages\pip\_vendor\chardet|File|langturkishmodel.py|95372
C:\Users\Geo\Desktop\GB_Python_8\venv\Lib\site-packages\pip\_vendor\chardet|File|latin1prober.py|5260
C:\Users\Geo\Desktop\GB_Python_8\venv\Lib\site-packages\pip\_vendor\chardet|File|mbcharsetprober.py|3367
C:\Users\Geo\Desktop\GB_Python_8\venv\Lib\site-packages\pip\_vendor\chardet|File|mbcsgroupprober.py|2056
C:\Users\Geo\Desktop\GB_Python_8\venv\Lib\site-packages\pip\_vendor\chardet|File|mbcssm.py|30068
C:\Users\Geo\Desktop\GB_Python_8\venv\Lib\site-packages\pip\_vendor\chardet|File|sbcharsetprober.py|6199
C:\Users\Geo\Desktop\GB_Python_8\venv\Lib\site-packages\pip\_vendor\chardet|File|sbcsgroupprober.py|4129
C:\Users\Geo\Desktop\GB_Python_8\venv\Lib\site-packages\pip\_vendor\chardet|File|sjisprober.py|3749
C:\Users\Geo\Desktop\GB_Python_8\venv\Lib\site-packages\pip\_vendor\chardet|File|universaldetector.py|13288
C:\Users\Geo\Desktop\GB_Python_8\venv\Lib\site-packages\pip\_vendor\chardet|File|utf1632prober.py|8289
C:\Users\Geo\Desktop\GB_Python_8\venv\Lib\site-packages\pip\_vendor\chardet|File|utf8prober.py|2709
C:\Users\Geo\Desktop\GB_Python_8\venv\Lib\site-packages\pip\_vendor\chardet|File|version.py|242
C:\Users\Geo\Desktop\GB_Python_8\venv\Lib\site-packages\pip\_vendor\chardet|File|__init__.py|3705
C:\Users\Geo\Desktop\GB_Python_8\venv\Lib\site-packages\pip\_vendor\chardet|Directory|cli|2406
C:\Users\Geo\Desktop\GB_Python_8\venv\Lib\site-packages\pip\_vendor\chardet|Directory|metadata|13280
C:\Users\Geo\Desktop\GB_Python_8\venv\Lib\site-packages\pip\_vendor\chardet\cli|File|chardetect.py|2406
C:\Users\Geo\Desktop\GB_Python_8\venv\Lib\site-packages\pip\_vendor\chardet\cli|File|__init__.py|0
C:\Users\Geo\Desktop\GB_Python_8\venv\Lib\site-packages\pip\_vendor\chardet\metadata|File|languages.py|13280
C:\Users\Geo\Desktop\GB_Python_8\venv\Lib\site-packages\pip\_vendor\chardet\metadata|File|__init__.py|0
C:\Users\Geo\Desktop\GB_Python_8\venv\Lib\site-packages\pip\_vendor\colorama|File|ansi.py|2522
C:\Users\Geo\Desktop\GB_Python_8\venv\Lib\site-packages\pip\_vendor\colorama|File|ansitowin32.py|10830
C:\Users\Geo\Desktop\GB_Python_8\venv\Lib\site-packages\pip\_vendor\colorama|File|initialise.py|1915
C:\Users\Geo\Desktop\GB_Python_8\venv\Lib\site-packages\pip\_vendor\colorama|File|win32.py|5404
C:\Users\Geo\Desktop\GB_Python_8\venv\Lib\site-packages\pip\_vendor\colorama|File|winterm.py|6438
C:\Users\Geo\Desktop\GB_Python_8\venv\Lib\site-packages\pip\_vendor\colorama|File|__init__.py|239
C:\Users\Geo\Desktop\GB_Python_8\venv\Lib\site-packages\pip\_vendor\distlib|File|compat.py|41259
C:\Users\Geo\Desktop\GB_Python_8\venv\Lib\site-packages\pip\_vendor\distlib|File|database.py|51697
C:\Users\Geo\Desktop\GB_Python_8\venv\Lib\site-packages\pip\_vendor\distlib|File|index.py|20834
C:\Users\Geo\Desktop\GB_Python_8\venv\Lib\site-packages\pip\_vendor\distlib|File|locators.py|51991
C:\Users\Geo\Desktop\GB_Python_8\venv\Lib\site-packages\pip\_vendor\distlib|File|manifest.py|14811
C:\Users\Geo\Desktop\GB_Python_8\venv\Lib\site-packages\pip\_vendor\distlib|File|markers.py|5058
C:\Users\Geo\Desktop\GB_Python_8\venv\Lib\site-packages\pip\_vendor\distlib|File|metadata.py|39801
C:\Users\Geo\Desktop\GB_Python_8\venv\Lib\site-packages\pip\_vendor\distlib|File|resources.py|10820
C:\Users\Geo\Desktop\GB_Python_8\venv\Lib\site-packages\pip\_vendor\distlib|File|scripts.py|18102
C:\Users\Geo\Desktop\GB_Python_8\venv\Lib\site-packages\pip\_vendor\distlib|File|t32.exe|97792
C:\Users\Geo\Desktop\GB_Python_8\venv\Lib\site-packages\pip\_vendor\distlib|File|t64-arm.exe|182784
C:\Users\Geo\Desktop\GB_Python_8\venv\Lib\site-packages\pip\_vendor\distlib|File|t64.exe|108032
C:\Users\Geo\Desktop\GB_Python_8\venv\Lib\site-packages\pip\_vendor\distlib|File|util.py|66262
C:\Users\Geo\Desktop\GB_Python_8\venv\Lib\site-packages\pip\_vendor\distlib|File|version.py|23513
C:\Users\Geo\Desktop\GB_Python_8\venv\Lib\site-packages\pip\_vendor\distlib|File|w32.exe|91648
C:\Users\Geo\Desktop\GB_Python_8\venv\Lib\site-packages\pip\_vendor\distlib|File|w64-arm.exe|168448
C:\Users\Geo\Desktop\GB_Python_8\venv\Lib\site-packages\pip\_vendor\distlib|File|w64.exe|101888
C:\Users\Geo\Desktop\GB_Python_8\venv\Lib\site-packages\pip\_vendor\distlib|File|wheel.py|43898
C:\Users\Geo\Desktop\GB_Python_8\venv\Lib\site-packages\pip\_vendor\distlib|File|__init__.py|581
C:\Users\Geo\Desktop\GB_Python_8\venv\Lib\site-packages\pip\_vendor\distro|File|distro.py|48841
C:\Users\Geo\Desktop\GB_Python_8\venv\Lib\site-packages\pip\_vendor\distro|File|__init__.py|981
C:\Users\Geo\Desktop\GB_Python_8\venv\Lib\site-packages\pip\_vendor\distro|File|__main__.py|64
C:\Users\Geo\Desktop\GB_Python_8\venv\Lib\site-packages\pip\_vendor\idna|File|codec.py|3374
C:\Users\Geo\Desktop\GB_Python_8\venv\Lib\site-packages\pip\_vendor\idna|File|compat.py|321
C:\Users\Geo\Desktop\GB_Python_8\venv\Lib\site-packages\pip\_vendor\idna|File|core.py|12950
C:\Users\Geo\Desktop\GB_Python_8\venv\Lib\site-packages\pip\_vendor\idna|File|idnadata.py|44375
C:\Users\Geo\Desktop\GB_Python_8\venv\Lib\site-packages\pip\_vendor\idna|File|intranges.py|1881
C:\Users\Geo\Desktop\GB_Python_8\venv\Lib\site-packages\pip\_vendor\idna|File|package_data.py|21
C:\Users\Geo\Desktop\GB_Python_8\venv\Lib\site-packages\pip\_vendor\idna|File|uts46data.py|206539
C:\Users\Geo\Desktop\GB_Python_8\venv\Lib\site-packages\pip\_vendor\idna|File|__init__.py|849
C:\Users\Geo\Desktop\GB_Python_8\venv\Lib\site-packages\pip\_vendor\msgpack|File|exceptions.py|1081
C:\Users\Geo\Desktop\GB_Python_8\venv\Lib\site-packages\pip\_vendor\msgpack|File|ext.py|6080
C:\Users\Geo\Desktop\GB_Python_8\venv\Lib\site-packages\pip\_vendor\msgpack|File|fallback.py|34557
C:\Users\Geo\Desktop\GB_Python_8\venv\Lib\site-packages\pip\_vendor\msgpack|File|__init__.py|1132
C:\Users\Geo\Desktop\GB_Python_8\venv\Lib\site-packages\pip\_vendor\packaging|File|markers.py|8487
C:\Users\Geo\Desktop\GB_Python_8\venv\Lib\site-packages\pip\_vendor\packaging|File|requirements.py|4676
C:\Users\Geo\Desktop\GB_Python_8\venv\Lib\site-packages\pip\_vendor\packaging|File|specifiers.py|30110
C:\Users\Geo\Desktop\GB_Python_8\venv\Lib\site-packages\pip\_vendor\packaging|File|tags.py|15699
C:\Users\Geo\Desktop\GB_Python_8\venv\Lib\site-packages\pip\_vendor\packaging|File|utils.py|4200
C:\Users\Geo\Desktop\GB_Python_8\venv\Lib\site-packages\pip\_vendor\packaging|File|version.py|14665
C:\Users\Geo\Desktop\GB_Python_8\venv\Lib\site-packages\pip\_vendor\packaging|File|_manylinux.py|11488
C:\Users\Geo\Desktop\GB_Python_8\venv\Lib\site-packages\pip\_vendor\packaging|File|_musllinux.py|4378
C:\Users\Geo\Desktop\GB_Python_8\venv\Lib\site-packages\pip\_vendor\packaging|File|_structures.py|1431
C:\Users\Geo\Desktop\GB_Python_8\venv\Lib\site-packages\pip\_vendor\packaging|File|__about__.py|661
C:\Users\Geo\Desktop\GB_Python_8\venv\Lib\site-packages\pip\_vendor\packaging|File|__init__.py|497
C:\Users\Geo\Desktop\GB_Python_8\venv\Lib\site-packages\pip\_vendor\pep517|File|build.py|3443
C:\Users\Geo\Desktop\GB_Python_8\venv\Lib\site-packages\pip\_vendor\pep517|File|check.py|6083
C:\Users\Geo\Desktop\GB_Python_8\venv\Lib\site-packages\pip\_vendor\pep517|File|colorlog.py|3994
C:\Users\Geo\Desktop\GB_Python_8\venv\Lib\site-packages\pip\_vendor\pep517|File|dirtools.py|607
C:\Users\Geo\Desktop\GB_Python_8\venv\Lib\site-packages\pip\_vendor\pep517|File|envbuild.py|6081
C:\Users\Geo\Desktop\GB_Python_8\venv\Lib\site-packages\pip\_vendor\pep517|File|meta.py|2520
C:\Users\Geo\Desktop\GB_Python_8\venv\Lib\site-packages\pip\_vendor\pep517|File|wrappers.py|12721
C:\Users\Geo\Desktop\GB_Python_8\venv\Lib\site-packages\pip\_vendor\pep517|File|_compat.py|138
C:\Users\Geo\Desktop\GB_Python_8\venv\Lib\site-packages\pip\_vendor\pep517|File|__init__.py|130
C:\Users\Geo\Desktop\GB_Python_8\venv\Lib\site-packages\pip\_vendor\pep517|Directory|in_process|11673
C:\Users\Geo\Desktop\GB_Python_8\venv\Lib\site-packages\pip\_vendor\pep517\in_process|File|_in_process.py|10801
C:\Users\Geo\Desktop\GB_Python_8\venv\Lib\site-packages\pip\_vendor\pep517\in_process|File|__init__.py|872
C:\Users\Geo\Desktop\GB_Python_8\venv\Lib\site-packages\pip\_vendor\pkg_resources|File|py31compat.py|562
C:\Users\Geo\Desktop\GB_Python_8\venv\Lib\site-packages\pip\_vendor\pkg_resources|File|__init__.py|108287
C:\Users\Geo\Desktop\GB_Python_8\venv\Lib\site-packages\pip\_vendor\platformdirs|File|android.py|4068
C:\Users\Geo\Desktop\GB_Python_8\venv\Lib\site-packages\pip\_vendor\platformdirs|File|api.py|4910
C:\Users\Geo\Desktop\GB_Python_8\venv\Lib\site-packages\pip\_vendor\platformdirs|File|macos.py|2655
C:\Users\Geo\Desktop\GB_Python_8\venv\Lib\site-packages\pip\_vendor\platformdirs|File|unix.py|6910
C:\Users\Geo\Desktop\GB_Python_8\venv\Lib\site-packages\pip\_vendor\platformdirs|File|version.py|78
C:\Users\Geo\Desktop\GB_Python_8\venv\Lib\site-packages\pip\_vendor\platformdirs|File|windows.py|6439
C:\Users\Geo\Desktop\GB_Python_8\venv\Lib\site-packages\pip\_vendor\platformdirs|File|__init__.py|12831
C:\Users\Geo\Desktop\GB_Python_8\venv\Lib\site-packages\pip\_vendor\platformdirs|File|__main__.py|1176
C:\Users\Geo\Desktop\GB_Python_8\venv\Lib\site-packages\pip\_vendor\pygments|File|cmdline.py|23685
C:\Users\Geo\Desktop\GB_Python_8\venv\Lib\site-packages\pip\_vendor\pygments|File|console.py|1697
C:\Users\Geo\Desktop\GB_Python_8\venv\Lib\site-packages\pip\_vendor\pygments|File|filter.py|1938
C:\Users\Geo\Desktop\GB_Python_8\venv\Lib\site-packages\pip\_vendor\pygments|File|formatter.py|2917
C:\Users\Geo\Desktop\GB_Python_8\venv\Lib\site-packages\pip\_vendor\pygments|File|lexer.py|32005
C:\Users\Geo\Desktop\GB_Python_8\venv\Lib\site-packages\pip\_vendor\pygments|File|modeline.py|986
C:\Users\Geo\Desktop\GB_Python_8\venv\Lib\site-packages\pip\_vendor\pygments|File|plugin.py|2591
C:\Users\Geo\Desktop\GB_Python_8\venv\Lib\site-packages\pip\_vendor\pygments|File|regexopt.py|3072
C:\Users\Geo\Desktop\GB_Python_8\venv\Lib\site-packages\pip\_vendor\pygments|File|scanner.py|3092
C:\Users\Geo\Desktop\GB_Python_8\venv\Lib\site-packages\pip\_vendor\pygments|File|sphinxext.py|4630
C:\Users\Geo\Desktop\GB_Python_8\venv\Lib\site-packages\pip\_vendor\pygments|File|style.py|6257
C:\Users\Geo\Desktop\GB_Python_8\venv\Lib\site-packages\pip\_vendor\pygments|File|token.py|6184
C:\Users\Geo\Desktop\GB_Python_8\venv\Lib\site-packages\pip\_vendor\pygments|File|unistring.py|63187
C:\Users\Geo\Desktop\GB_Python_8\venv\Lib\site-packages\pip\_vendor\pygments|File|util.py|9110
C:\Users\Geo\Desktop\GB_Python_8\venv\Lib\site-packages\pip\_vendor\pygments|File|__init__.py|2999
C:\Users\Geo\Desktop\GB_Python_8\venv\Lib\site-packages\pip\_vendor\pygments|File|__main__.py|353
C:\Users\Geo\Desktop\GB_Python_8\venv\Lib\site-packages\pip\_vendor\pygments|Directory|filters|40386
C:\Users\Geo\Desktop\GB_Python_8\venv\Lib\site-packages\pip\_vendor\pygments|Directory|formatters|135976
C:\Users\Geo\Desktop\GB_Python_8\venv\Lib\site-packages\pip\_vendor\pygments|Directory|lexers|134782
C:\Users\Geo\Desktop\GB_Python_8\venv\Lib\site-packages\pip\_vendor\pygments|Directory|styles|3419
C:\Users\Geo\Desktop\GB_Python_8\venv\Lib\site-packages\pip\_vendor\pygments\filters|File|__init__.py|40386
C:\Users\Geo\Desktop\GB_Python_8\venv\Lib\site-packages\pip\_vendor\pygments\formatters|File|bbcode.py|3314
C:\Users\Geo\Desktop\GB_Python_8\venv\Lib\site-packages\pip\_vendor\pygments\formatters|File|groff.py|5086
C:\Users\Geo\Desktop\GB_Python_8\venv\Lib\site-packages\pip\_vendor\pygments\formatters|File|html.py|35441
C:\Users\Geo\Desktop\GB_Python_8\venv\Lib\site-packages\pip\_vendor\pygments\formatters|File|img.py|21938
C:\Users\Geo\Desktop\GB_Python_8\venv\Lib\site-packages\pip\_vendor\pygments\formatters|File|irc.py|5871
C:\Users\Geo\Desktop\GB_Python_8\venv\Lib\site-packages\pip\_vendor\pygments\formatters|File|latex.py|19351
C:\Users\Geo\Desktop\GB_Python_8\venv\Lib\site-packages\pip\_vendor\pygments\formatters|File|other.py|5073
C:\Users\Geo\Desktop\GB_Python_8\venv\Lib\site-packages\pip\_vendor\pygments\formatters|File|pangomarkup.py|2212
C:\Users\Geo\Desktop\GB_Python_8\venv\Lib\site-packages\pip\_vendor\pygments\formatters|File|rtf.py|5014
C:\Users\Geo\Desktop\GB_Python_8\venv\Lib\site-packages\pip\_vendor\pygments\formatters|File|svg.py|7335
C:\Users\Geo\Desktop\GB_Python_8\venv\Lib\site-packages\pip\_vendor\pygments\formatters|File|terminal.py|4674
C:\Users\Geo\Desktop\GB_Python_8\venv\Lib\site-packages\pip\_vendor\pygments\formatters|File|terminal256.py|11753
C:\Users\Geo\Desktop\GB_Python_8\venv\Lib\site-packages\pip\_vendor\pygments\formatters|File|_mapping.py|4104
C:\Users\Geo\Desktop\GB_Python_8\venv\Lib\site-packages\pip\_vendor\pygments\formatters|File|__init__.py|4810
C:\Users\Geo\Desktop\GB_Python_8\venv\Lib\site-packages\pip\_vendor\pygments\lexers|File|python.py|53376
C:\Users\Geo\Desktop\GB_Python_8\venv\Lib\site-packages\pip\_vendor\pygments\lexers|File|_mapping.py|70232
C:\Users\Geo\Desktop\GB_Python_8\venv\Lib\site-packages\pip\_vendor\pygments\lexers|File|__init__.py|11174
C:\Users\Geo\Desktop\GB_Python_8\venv\Lib\site-packages\pip\_vendor\pygments\styles|File|__init__.py|3419
C:\Users\Geo\Desktop\GB_Python_8\venv\Lib\site-packages\pip\_vendor\pyparsing|File|actions.py|6426
C:\Users\Geo\Desktop\GB_Python_8\venv\Lib\site-packages\pip\_vendor\pyparsing|File|common.py|12936
C:\Users\Geo\Desktop\GB_Python_8\venv\Lib\site-packages\pip\_vendor\pyparsing|File|core.py|213344
C:\Users\Geo\Desktop\GB_Python_8\venv\Lib\site-packages\pip\_vendor\pyparsing|File|exceptions.py|9023
C:\Users\Geo\Desktop\GB_Python_8\venv\Lib\site-packages\pip\_vendor\pyparsing|File|helpers.py|39129
C:\Users\Geo\Desktop\GB_Python_8\venv\Lib\site-packages\pip\_vendor\pyparsing|File|results.py|25341
C:\Users\Geo\Desktop\GB_Python_8\venv\Lib\site-packages\pip\_vendor\pyparsing|File|testing.py|13402
C:\Users\Geo\Desktop\GB_Python_8\venv\Lib\site-packages\pip\_vendor\pyparsing|File|unicode.py|10787
C:\Users\Geo\Desktop\GB_Python_8\venv\Lib\site-packages\pip\_vendor\pyparsing|File|util.py|6805
C:\Users\Geo\Desktop\GB_Python_8\venv\Lib\site-packages\pip\_vendor\pyparsing|File|__init__.py|9171
C:\Users\Geo\Desktop\GB_Python_8\venv\Lib\site-packages\pip\_vendor\pyparsing|Directory|diagram|23685
C:\Users\Geo\Desktop\GB_Python_8\venv\Lib\site-packages\pip\_vendor\pyparsing\diagram|File|__init__.py|23685
C:\Users\Geo\Desktop\GB_Python_8\venv\Lib\site-packages\pip\_vendor\requests|File|adapters.py|21443
C:\Users\Geo\Desktop\GB_Python_8\venv\Lib\site-packages\pip\_vendor\requests|File|api.py|6377
C:\Users\Geo\Desktop\GB_Python_8\venv\Lib\site-packages\pip\_vendor\requests|File|auth.py|10187
C:\Users\Geo\Desktop\GB_Python_8\venv\Lib\site-packages\pip\_vendor\requests|File|certs.py|575
C:\Users\Geo\Desktop\GB_Python_8\venv\Lib\site-packages\pip\_vendor\requests|File|compat.py|1286
C:\Users\Geo\Desktop\GB_Python_8\venv\Lib\site-packages\pip\_vendor\requests|File|cookies.py|18560
C:\Users\Geo\Desktop\GB_Python_8\venv\Lib\site-packages\pip\_vendor\requests|File|exceptions.py|3823
C:\Users\Geo\Desktop\GB_Python_8\venv\Lib\site-packages\pip\_vendor\requests|File|help.py|3879
C:\Users\Geo\Desktop\GB_Python_8\venv\Lib\site-packages\pip\_vendor\requests|File|hooks.py|733
C:\Users\Geo\Desktop\GB_Python_8\venv\Lib\site-packages\pip\_vendor\requests|File|models.py|35287
C:\Users\Geo\Desktop\GB_Python_8\venv\Lib\site-packages\pip\_vendor\requests|File|packages.py|695
C:\Users\Geo\Desktop\GB_Python_8\venv\Lib\site-packages\pip\_vendor\requests|File|sessions.py|30180
C:\Users\Geo\Desktop\GB_Python_8\venv\Lib\site-packages\pip\_vendor\requests|File|status_codes.py|4235
C:\Users\Geo\Desktop\GB_Python_8\venv\Lib\site-packages\pip\_vendor\requests|File|structures.py|2912
C:\Users\Geo\Desktop\GB_Python_8\venv\Lib\site-packages\pip\_vendor\requests|File|utils.py|33240
C:\Users\Geo\Desktop\GB_Python_8\venv\Lib\site-packages\pip\_vendor\requests|File|_internal_utils.py|1397
C:\Users\Geo\Desktop\GB_Python_8\venv\Lib\site-packages\pip\_vendor\requests|File|__init__.py|5178
C:\Users\Geo\Desktop\GB_Python_8\venv\Lib\site-packages\pip\_vendor\requests|File|__version__.py|440
C:\Users\Geo\Desktop\GB_Python_8\venv\Lib\site-packages\pip\_vendor\resolvelib|File|providers.py|5872
C:\Users\Geo\Desktop\GB_Python_8\venv\Lib\site-packages\pip\_vendor\resolvelib|File|reporters.py|1583
C:\Users\Geo\Desktop\GB_Python_8\venv\Lib\site-packages\pip\_vendor\resolvelib|File|resolvers.py|17592
C:\Users\Geo\Desktop\GB_Python_8\venv\Lib\site-packages\pip\_vendor\resolvelib|File|structs.py|4794
C:\Users\Geo\Desktop\GB_Python_8\venv\Lib\site-packages\pip\_vendor\resolvelib|File|__init__.py|537
C:\Users\Geo\Desktop\GB_Python_8\venv\Lib\site-packages\pip\_vendor\resolvelib|Directory|compat|156
C:\Users\Geo\Desktop\GB_Python_8\venv\Lib\site-packages\pip\_vendor\resolvelib\compat|File|collections_abc.py|156
C:\Users\Geo\Desktop\GB_Python_8\venv\Lib\site-packages\pip\_vendor\resolvelib\compat|File|__init__.py|0
C:\Users\Geo\Desktop\GB_Python_8\venv\Lib\site-packages\pip\_vendor\rich|File|abc.py|890
C:\Users\Geo\Desktop\GB_Python_8\venv\Lib\site-packages\pip\_vendor\rich|File|align.py|10368
C:\Users\Geo\Desktop\GB_Python_8\venv\Lib\site-packages\pip\_vendor\rich|File|ansi.py|6820
C:\Users\Geo\Desktop\GB_Python_8\venv\Lib\site-packages\pip\_vendor\rich|File|bar.py|3264
C:\Users\Geo\Desktop\GB_Python_8\venv\Lib\site-packages\pip\_vendor\rich|File|box.py|9864
C:\Users\Geo\Desktop\GB_Python_8\venv\Lib\site-packages\pip\_vendor\rich|File|cells.py|4503
C:\Users\Geo\Desktop\GB_Python_8\venv\Lib\site-packages\pip\_vendor\rich|File|color.py|17957
C:\Users\Geo\Desktop\GB_Python_8\venv\Lib\site-packages\pip\_vendor\rich|File|color_triplet.py|1054
C:\Users\Geo\Desktop\GB_Python_8\venv\Lib\site-packages\pip\_vendor\rich|File|columns.py|7131
C:\Users\Geo\Desktop\GB_Python_8\venv\Lib\site-packages\pip\_vendor\rich|File|console.py|95885
C:\Users\Geo\Desktop\GB_Python_8\venv\Lib\site-packages\pip\_vendor\rich|File|constrain.py|1288
C:\Users\Geo\Desktop\GB_Python_8\venv\Lib\site-packages\pip\_vendor\rich|File|containers.py|5497
C:\Users\Geo\Desktop\GB_Python_8\venv\Lib\site-packages\pip\_vendor\rich|File|control.py|6630
C:\Users\Geo\Desktop\GB_Python_8\venv\Lib\site-packages\pip\_vendor\rich|File|default_styles.py|7954
C:\Users\Geo\Desktop\GB_Python_8\venv\Lib\site-packages\pip\_vendor\rich|File|diagnose.py|972
C:\Users\Geo\Desktop\GB_Python_8\venv\Lib\site-packages\pip\_vendor\rich|File|emoji.py|2501
C:\Users\Geo\Desktop\GB_Python_8\venv\Lib\site-packages\pip\_vendor\rich|File|errors.py|642
C:\Users\Geo\Desktop\GB_Python_8\venv\Lib\site-packages\pip\_vendor\rich|File|filesize.py|2507
C:\Users\Geo\Desktop\GB_Python_8\venv\Lib\site-packages\pip\_vendor\rich|File|file_proxy.py|1616
C:\Users\Geo\Desktop\GB_Python_8\venv\Lib\site-packages\pip\_vendor\rich|File|highlighter.py|9585
C:\Users\Geo\Desktop\GB_Python_8\venv\Lib\site-packages\pip\_vendor\rich|File|json.py|5051
C:\Users\Geo\Desktop\GB_Python_8\venv\Lib\site-packages\pip\_vendor\rich|File|jupyter.py|3252
C:\Users\Geo\Desktop\GB_Python_8\venv\Lib\site-packages\pip\_vendor\rich|File|layout.py|14074
C:\Users\Geo\Desktop\GB_Python_8\venv\Lib\site-packages\pip\_vendor\rich|File|live.py|14172
C:\Users\Geo\Desktop\GB_Python_8\venv\Lib\site-packages\pip\_vendor\rich|File|live_render.py|3667
C:\Users\Geo\Desktop\GB_Python_8\venv\Lib\site-packages\pip\_vendor\rich|File|logging.py|11471
C:\Users\Geo\Desktop\GB_Python_8\venv\Lib\site-packages\pip\_vendor\rich|File|markup.py|8198
C:\Users\Geo\Desktop\GB_Python_8\venv\Lib\site-packages\pip\_vendor\rich|File|measure.py|5305
C:\Users\Geo\Desktop\GB_Python_8\venv\Lib\site-packages\pip\_vendor\rich|File|padding.py|4970
C:\Users\Geo\Desktop\GB_Python_8\venv\Lib\site-packages\pip\_vendor\rich|File|pager.py|828
C:\Users\Geo\Desktop\GB_Python_8\venv\Lib\site-packages\pip\_vendor\rich|File|palette.py|3396
C:\Users\Geo\Desktop\GB_Python_8\venv\Lib\site-packages\pip\_vendor\rich|File|panel.py|8744
C:\Users\Geo\Desktop\GB_Python_8\venv\Lib\site-packages\pip\_vendor\rich|File|pretty.py|36576
C:\Users\Geo\Desktop\GB_Python_8\venv\Lib\site-packages\pip\_vendor\rich|File|progress.py|59746
C:\Users\Geo\Desktop\GB_Python_8\venv\Lib\site-packages\pip\_vendor\rich|File|progress_bar.py|8161
C:\Users\Geo\Desktop\GB_Python_8\venv\Lib\site-packages\pip\_vendor\rich|File|prompt.py|11303
C:\Users\Geo\Desktop\GB_Python_8\venv\Lib\site-packages\pip\_vendor\rich|File|protocol.py|1391
C:\Users\Geo\Desktop\GB_Python_8\venv\Lib\site-packages\pip\_vendor\rich|File|region.py|166
C:\Users\Geo\Desktop\GB_Python_8\venv\Lib\site-packages\pip\_vendor\rich|File|repr.py|4449
C:\Users\Geo\Desktop\GB_Python_8\venv\Lib\site-packages\pip\_vendor\rich|File|rule.py|4773
C:\Users\Geo\Desktop\GB_Python_8\venv\Lib\site-packages\pip\_vendor\rich|File|scope.py|2842
C:\Users\Geo\Desktop\GB_Python_8\venv\Lib\site-packages\pip\_vendor\rich|File|screen.py|1591
C:\Users\Geo\Desktop\GB_Python_8\venv\Lib\site-packages\pip\_vendor\rich|File|segment.py|24224
C:\Users\Geo\Desktop\GB_Python_8\venv\Lib\site-packages\pip\_vendor\rich|File|spinner.py|4374
C:\Users\Geo\Desktop\GB_Python_8\venv\Lib\site-packages\pip\_vendor\rich|File|status.py|4425
C:\Users\Geo\Desktop\GB_Python_8\venv\Lib\site-packages\pip\_vendor\rich|File|style.py|26240
C:\Users\Geo\Desktop\GB_Python_8\venv\Lib\site-packages\pip\_vendor\rich|File|styled.py|1258
C:\Users\Geo\Desktop\GB_Python_8\venv\Lib\site-packages\pip\_vendor\rich|File|syntax.py|34697
C:\Users\Geo\Desktop\GB_Python_8\venv\Lib\site-packages\pip\_vendor\rich|File|table.py|39515
C:\Users\Geo\Desktop\GB_Python_8\venv\Lib\site-packages\pip\_vendor\rich|File|terminal_theme.py|3370
C:\Users\Geo\Desktop\GB_Python_8\venv\Lib\site-packages\pip\_vendor\rich|File|text.py|44666
C:\Users\Geo\Desktop\GB_Python_8\venv\Lib\site-packages\pip\_vendor\rich|File|theme.py|3627
C:\Users\Geo\Desktop\GB_Python_8\venv\Lib\site-packages\pip\_vendor\rich|File|themes.py|102
C:\Users\Geo\Desktop\GB_Python_8\venv\Lib\site-packages\pip\_vendor\rich|File|traceback.py|26060
C:\Users\Geo\Desktop\GB_Python_8\venv\Lib\site-packages\pip\_vendor\rich|File|tree.py|9169
C:\Users\Geo\Desktop\GB_Python_8\venv\Lib\site-packages\pip\_vendor\rich|File|_cell_widths.py|10096
C:\Users\Geo\Desktop\GB_Python_8\venv\Lib\site-packages\pip\_vendor\rich|File|_emoji_codes.py|140235
C:\Users\Geo\Desktop\GB_Python_8\venv\Lib\site-packages\pip\_vendor\rich|File|_emoji_replace.py|1064
C:\Users\Geo\Desktop\GB_Python_8\venv\Lib\site-packages\pip\_vendor\rich|File|_export_format.py|2114
C:\Users\Geo\Desktop\GB_Python_8\venv\Lib\site-packages\pip\_vendor\rich|File|_extension.py|265
C:\Users\Geo\Desktop\GB_Python_8\venv\Lib\site-packages\pip\_vendor\rich|File|_inspect.py|9695
C:\Users\Geo\Desktop\GB_Python_8\venv\Lib\site-packages\pip\_vendor\rich|File|_log_render.py|3225
C:\Users\Geo\Desktop\GB_Python_8\venv\Lib\site-packages\pip\_vendor\rich|File|_loop.py|1236
C:\Users\Geo\Desktop\GB_Python_8\venv\Lib\site-packages\pip\_vendor\rich|File|_palettes.py|7063
C:\Users\Geo\Desktop\GB_Python_8\venv\Lib\site-packages\pip\_vendor\rich|File|_pick.py|423
C:\Users\Geo\Desktop\GB_Python_8\venv\Lib\site-packages\pip\_vendor\rich|File|_ratio.py|5472
C:\Users\Geo\Desktop\GB_Python_8\venv\Lib\site-packages\pip\_vendor\rich|File|_spinners.py|19919
C:\Users\Geo\Desktop\GB_Python_8\venv\Lib\site-packages\pip\_vendor\rich|File|_stack.py|351
C:\Users\Geo\Desktop\GB_Python_8\venv\Lib\site-packages\pip\_vendor\rich|File|_timer.py|417
C:\Users\Geo\Desktop\GB_Python_8\venv\Lib\site-packages\pip\_vendor\rich|File|_win32_console.py|22820
C:\Users\Geo\Desktop\GB_Python_8\venv\Lib\site-packages\pip\_vendor\rich|File|_windows.py|1926
C:\Users\Geo\Desktop\GB_Python_8\venv\Lib\site-packages\pip\_vendor\rich|File|_windows_renderer.py|2783
C:\Users\Geo\Desktop\GB_Python_8\venv\Lib\site-packages\pip\_vendor\rich|File|_wrap.py|1840
C:\Users\Geo\Desktop\GB_Python_8\venv\Lib\site-packages\pip\_vendor\rich|File|__init__.py|5944
C:\Users\Geo\Desktop\GB_Python_8\venv\Lib\site-packages\pip\_vendor\rich|File|__main__.py|8808
C:\Users\Geo\Desktop\GB_Python_8\venv\Lib\site-packages\pip\_vendor\tenacity|File|after.py|1496
C:\Users\Geo\Desktop\GB_Python_8\venv\Lib\site-packages\pip\_vendor\tenacity|File|before.py|1376
C:\Users\Geo\Desktop\GB_Python_8\venv\Lib\site-packages\pip\_vendor\tenacity|File|before_sleep.py|1908
C:\Users\Geo\Desktop\GB_Python_8\venv\Lib\site-packages\pip\_vendor\tenacity|File|nap.py|1383
C:\Users\Geo\Desktop\GB_Python_8\venv\Lib\site-packages\pip\_vendor\tenacity|File|retry.py|7550
C:\Users\Geo\Desktop\GB_Python_8\venv\Lib\site-packages\pip\_vendor\tenacity|File|stop.py|2790
C:\Users\Geo\Desktop\GB_Python_8\venv\Lib\site-packages\pip\_vendor\tenacity|File|tornadoweb.py|2145
C:\Users\Geo\Desktop\GB_Python_8\venv\Lib\site-packages\pip\_vendor\tenacity|File|wait.py|8011
C:\Users\Geo\Desktop\GB_Python_8\venv\Lib\site-packages\pip\_vendor\tenacity|File|_asyncio.py|3314
C:\Users\Geo\Desktop\GB_Python_8\venv\Lib\site-packages\pip\_vendor\tenacity|File|_utils.py|1944
C:\Users\Geo\Desktop\GB_Python_8\venv\Lib\site-packages\pip\_vendor\tenacity|File|__init__.py|18364
C:\Users\Geo\Desktop\GB_Python_8\venv\Lib\site-packages\pip\_vendor\tomli|File|_parser.py|22633
C:\Users\Geo\Desktop\GB_Python_8\venv\Lib\site-packages\pip\_vendor\tomli|File|_re.py|2943
C:\Users\Geo\Desktop\GB_Python_8\venv\Lib\site-packages\pip\_vendor\tomli|File|_types.py|254
C:\Users\Geo\Desktop\GB_Python_8\venv\Lib\site-packages\pip\_vendor\tomli|File|__init__.py|396
C:\Users\Geo\Desktop\GB_Python_8\venv\Lib\site-packages\pip\_vendor\urllib3|File|connection.py|20070
C:\Users\Geo\Desktop\GB_Python_8\venv\Lib\site-packages\pip\_vendor\urllib3|File|connectionpool.py|39093
C:\Users\Geo\Desktop\GB_Python_8\venv\Lib\site-packages\pip\_vendor\urllib3|File|exceptions.py|8217
C:\Users\Geo\Desktop\GB_Python_8\venv\Lib\site-packages\pip\_vendor\urllib3|File|fields.py|8579
C:\Users\Geo\Desktop\GB_Python_8\venv\Lib\site-packages\pip\_vendor\urllib3|File|filepost.py|2440
C:\Users\Geo\Desktop\GB_Python_8\venv\Lib\site-packages\pip\_vendor\urllib3|File|poolmanager.py|19786
C:\Users\Geo\Desktop\GB_Python_8\venv\Lib\site-packages\pip\_vendor\urllib3|File|request.py|5985
C:\Users\Geo\Desktop\GB_Python_8\venv\Lib\site-packages\pip\_vendor\urllib3|File|response.py|30109
C:\Users\Geo\Desktop\GB_Python_8\venv\Lib\site-packages\pip\_vendor\urllib3|File|_collections.py|10811
C:\Users\Geo\Desktop\GB_Python_8\venv\Lib\site-packages\pip\_vendor\urllib3|File|_version.py|64
C:\Users\Geo\Desktop\GB_Python_8\venv\Lib\site-packages\pip\_vendor\urllib3|File|__init__.py|3333
C:\Users\Geo\Desktop\GB_Python_8\venv\Lib\site-packages\pip\_vendor\urllib3|Directory|contrib|106810
C:\Users\Geo\Desktop\GB_Python_8\venv\Lib\site-packages\pip\_vendor\urllib3|Directory|packages|36082
C:\Users\Geo\Desktop\GB_Python_8\venv\Lib\site-packages\pip\_vendor\urllib3|Directory|util|97190
C:\Users\Geo\Desktop\GB_Python_8\venv\Lib\site-packages\pip\_vendor\urllib3\contrib|File|appengine.py|11034
C:\Users\Geo\Desktop\GB_Python_8\venv\Lib\site-packages\pip\_vendor\urllib3\contrib|File|ntlmpool.py|4538
C:\Users\Geo\Desktop\GB_Python_8\venv\Lib\site-packages\pip\_vendor\urllib3\contrib|File|pyopenssl.py|17182
C:\Users\Geo\Desktop\GB_Python_8\venv\Lib\site-packages\pip\_vendor\urllib3\contrib|File|securetransport.py|34448
C:\Users\Geo\Desktop\GB_Python_8\venv\Lib\site-packages\pip\_vendor\urllib3\contrib|File|socks.py|7097
C:\Users\Geo\Desktop\GB_Python_8\venv\Lib\site-packages\pip\_vendor\urllib3\contrib|File|_appengine_environ.py|957
C:\Users\Geo\Desktop\GB_Python_8\venv\Lib\site-packages\pip\_vendor\urllib3\contrib|File|__init__.py|0
C:\Users\Geo\Desktop\GB_Python_8\venv\Lib\site-packages\pip\_vendor\urllib3\contrib|Directory|_securetransport|31554
C:\Users\Geo\Desktop\GB_Python_8\venv\Lib\site-packages\pip\_vendor\urllib3\contrib\_securetransport|File|bindings.py|17632
C:\Users\Geo\Desktop\GB_Python_8\venv\Lib\site-packages\pip\_vendor\urllib3\contrib\_securetransport|File|low_level.py|13922
C:\Users\Geo\Desktop\GB_Python_8\venv\Lib\site-packages\pip\_vendor\urllib3\contrib\_securetransport|File|__init__.py|0
C:\Users\Geo\Desktop\GB_Python_8\venv\Lib\site-packages\pip\_vendor\urllib3\packages|File|six.py|34665
C:\Users\Geo\Desktop\GB_Python_8\venv\Lib\site-packages\pip\_vendor\urllib3\packages|File|__init__.py|0
C:\Users\Geo\Desktop\GB_Python_8\venv\Lib\site-packages\pip\_vendor\urllib3\packages|Directory|backports|1417
C:\Users\Geo\Desktop\GB_Python_8\venv\Lib\site-packages\pip\_vendor\urllib3\packages\backports|File|makefile.py|1417
C:\Users\Geo\Desktop\GB_Python_8\venv\Lib\site-packages\pip\_vendor\urllib3\packages\backports|File|__init__.py|0
C:\Users\Geo\Desktop\GB_Python_8\venv\Lib\site-packages\pip\_vendor\urllib3\util|File|connection.py|4901
C:\Users\Geo\Desktop\GB_Python_8\venv\Lib\site-packages\pip\_vendor\urllib3\util|File|proxy.py|1605
C:\Users\Geo\Desktop\GB_Python_8\venv\Lib\site-packages\pip\_vendor\urllib3\util|File|queue.py|498
C:\Users\Geo\Desktop\GB_Python_8\venv\Lib\site-packages\pip\_vendor\urllib3\util|File|request.py|3997
C:\Users\Geo\Desktop\GB_Python_8\venv\Lib\site-packages\pip\_vendor\urllib3\util|File|response.py|3510
C:\Users\Geo\Desktop\GB_Python_8\venv\Lib\site-packages\pip\_vendor\urllib3\util|File|retry.py|22001
C:\Users\Geo\Desktop\GB_Python_8\venv\Lib\site-packages\pip\_vendor\urllib3\util|File|ssltransport.py|6895
C:\Users\Geo\Desktop\GB_Python_8\venv\Lib\site-packages\pip\_vendor\urllib3\util|File|ssl_.py|17177
C:\Users\Geo\Desktop\GB_Python_8\venv\Lib\site-packages\pip\_vendor\urllib3\util|File|ssl_match_hostname.py|5758
C:\Users\Geo\Desktop\GB_Python_8\venv\Lib\site-packages\pip\_vendor\urllib3\util|File|timeout.py|10003
C:\Users\Geo\Desktop\GB_Python_8\venv\Lib\site-packages\pip\_vendor\urllib3\util|File|url.py|14287
C:\Users\Geo\Desktop\GB_Python_8\venv\Lib\site-packages\pip\_vendor\urllib3\util|File|wait.py|5403
C:\Users\Geo\Desktop\GB_Python_8\venv\Lib\site-packages\pip\_vendor\urllib3\util|File|__init__.py|1155
C:\Users\Geo\Desktop\GB_Python_8\venv\Lib\site-packages\pip\_vendor\webencodings|File|labels.py|8979
C:\Users\Geo\Desktop\GB_Python_8\venv\Lib\site-packages\pip\_vendor\webencodings|File|mklabels.py|1305
C:\Users\Geo\Desktop\GB_Python_8\venv\Lib\site-packages\pip\_vendor\webencodings|File|tests.py|6563
C:\Users\Geo\Desktop\GB_Python_8\venv\Lib\site-packages\pip\_vendor\webencodings|File|x_user_defined.py|4307
C:\Users\Geo\Desktop\GB_Python_8\venv\Lib\site-packages\pip\_vendor\webencodings|File|__init__.py|10579
C:\Users\Geo\Desktop\GB_Python_8\venv\Lib\site-packages\pip-22.3.1.dist-info|File|entry_points.txt|125
C:\Users\Geo\Desktop\GB_Python_8\venv\Lib\site-packages\pip-22.3.1.dist-info|File|INSTALLER|5
C:\Users\Geo\Desktop\GB_Python_8\venv\Lib\site-packages\pip-22.3.1.dist-info|File|LICENSE.txt|1093
C:\Users\Geo\Desktop\GB_Python_8\venv\Lib\site-packages\pip-22.3.1.dist-info|File|METADATA|4072
C:\Users\Geo\Desktop\GB_Python_8\venv\Lib\site-packages\pip-22.3.1.dist-info|File|RECORD|71279
C:\Users\Geo\Desktop\GB_Python_8\venv\Lib\site-packages\pip-22.3.1.dist-info|File|top_level.txt|4
C:\Users\Geo\Desktop\GB_Python_8\venv\Lib\site-packages\pip-22.3.1.dist-info|File|WHEEL|92
C:\Users\Geo\Desktop\GB_Python_8\venv\Lib\site-packages\pkg_resources|File|__init__.py|108568
C:\Users\Geo\Desktop\GB_Python_8\venv\Lib\site-packages\pkg_resources|Directory|extern|5361
C:\Users\Geo\Desktop\GB_Python_8\venv\Lib\site-packages\pkg_resources|Directory|_vendor|1295909
C:\Users\Geo\Desktop\GB_Python_8\venv\Lib\site-packages\pkg_resources|Directory|__pycache__|100564
C:\Users\Geo\Desktop\GB_Python_8\venv\Lib\site-packages\pkg_resources\extern|File|__init__.py|2426
C:\Users\Geo\Desktop\GB_Python_8\venv\Lib\site-packages\pkg_resources\extern|Directory|__pycache__|2935
C:\Users\Geo\Desktop\GB_Python_8\venv\Lib\site-packages\pkg_resources\extern\__pycache__|File|__init__.cpython-310.pyc|2935
C:\Users\Geo\Desktop\GB_Python_8\venv\Lib\site-packages\pkg_resources\_vendor|File|appdirs.py|24701
C:\Users\Geo\Desktop\GB_Python_8\venv\Lib\site-packages\pkg_resources\_vendor|File|zipp.py|8425
C:\Users\Geo\Desktop\GB_Python_8\venv\Lib\site-packages\pkg_resources\_vendor|File|__init__.py|0
C:\Users\Geo\Desktop\GB_Python_8\venv\Lib\site-packages\pkg_resources\_vendor|Directory|importlib_resources|25123
C:\Users\Geo\Desktop\GB_Python_8\venv\Lib\site-packages\pkg_resources\_vendor|Directory|jaraco|76242
C:\Users\Geo\Desktop\GB_Python_8\venv\Lib\site-packages\pkg_resources\_vendor|Directory|more_itertools|294700
C:\Users\Geo\Desktop\GB_Python_8\venv\Lib\site-packages\pkg_resources\_vendor|Directory|packaging|175478
C:\Users\Geo\Desktop\GB_Python_8\venv\Lib\site-packages\pkg_resources\_vendor|Directory|pyparsing|670815
C:\Users\Geo\Desktop\GB_Python_8\venv\Lib\site-packages\pkg_resources\_vendor|Directory|__pycache__|20425
C:\Users\Geo\Desktop\GB_Python_8\venv\Lib\site-packages\pkg_resources\_vendor\importlib_resources|File|abc.py|3886
C:\Users\Geo\Desktop\GB_Python_8\venv\Lib\site-packages\pkg_resources\_vendor\importlib_resources|File|readers.py|3566
C:\Users\Geo\Desktop\GB_Python_8\venv\Lib\site-packages\pkg_resources\_vendor\importlib_resources|File|simple.py|2836
C:\Users\Geo\Desktop\GB_Python_8\venv\Lib\site-packages\pkg_resources\_vendor\importlib_resources|File|_adapters.py|4504
C:\Users\Geo\Desktop\GB_Python_8\venv\Lib\site-packages\pkg_resources\_vendor\importlib_resources|File|_common.py|2741
C:\Users\Geo\Desktop\GB_Python_8\venv\Lib\site-packages\pkg_resources\_vendor\importlib_resources|File|_compat.py|2706
C:\Users\Geo\Desktop\GB_Python_8\venv\Lib\site-packages\pkg_resources\_vendor\importlib_resources|File|_itertools.py|884
C:\Users\Geo\Desktop\GB_Python_8\venv\Lib\site-packages\pkg_resources\_vendor\importlib_resources|File|_legacy.py|3494
C:\Users\Geo\Desktop\GB_Python_8\venv\Lib\site-packages\pkg_resources\_vendor\importlib_resources|File|__init__.py|506
C:\Users\Geo\Desktop\GB_Python_8\venv\Lib\site-packages\pkg_resources\_vendor\jaraco|File|context.py|5420
C:\Users\Geo\Desktop\GB_Python_8\venv\Lib\site-packages\pkg_resources\_vendor\jaraco|File|functools.py|13515
C:\Users\Geo\Desktop\GB_Python_8\venv\Lib\site-packages\pkg_resources\_vendor\jaraco|File|__init__.py|0
C:\Users\Geo\Desktop\GB_Python_8\venv\Lib\site-packages\pkg_resources\_vendor\jaraco|Directory|text|35184
C:\Users\Geo\Desktop\GB_Python_8\venv\Lib\site-packages\pkg_resources\_vendor\jaraco|Directory|__pycache__|22123
C:\Users\Geo\Desktop\GB_Python_8\venv\Lib\site-packages\pkg_resources\_vendor\jaraco\text|File|__init__.py|15526
C:\Users\Geo\Desktop\GB_Python_8\venv\Lib\site-packages\pkg_resources\_vendor\jaraco\text|Directory|__pycache__|19658
C:\Users\Geo\Desktop\GB_Python_8\venv\Lib\site-packages\pkg_resources\_vendor\jaraco\text\__pycache__|File|__init__.cpython-310.pyc|19658
C:\Users\Geo\Desktop\GB_Python_8\venv\Lib\site-packages\pkg_resources\_vendor\jaraco\__pycache__|File|context.cpython-310.pyc|6321
C:\Users\Geo\Desktop\GB_Python_8\venv\Lib\site-packages\pkg_resources\_vendor\jaraco\__pycache__|File|functools.cpython-310.pyc|15613
C:\Users\Geo\Desktop\GB_Python_8\venv\Lib\site-packages\pkg_resources\_vendor\jaraco\__pycache__|File|__init__.cpython-310.pyc|189
C:\Users\Geo\Desktop\GB_Python_8\venv\Lib\site-packages\pkg_resources\_vendor\more_itertools|File|more.py|132569
C:\Users\Geo\Desktop\GB_Python_8\venv\Lib\site-packages\pkg_resources\_vendor\more_itertools|File|recipes.py|18410
C:\Users\Geo\Desktop\GB_Python_8\venv\Lib\site-packages\pkg_resources\_vendor\more_itertools|File|__init__.py|83
C:\Users\Geo\Desktop\GB_Python_8\venv\Lib\site-packages\pkg_resources\_vendor\more_itertools|Directory|__pycache__|143638
C:\Users\Geo\Desktop\GB_Python_8\venv\Lib\site-packages\pkg_resources\_vendor\more_itertools\__pycache__|File|more.cpython-310.pyc|123049
C:\Users\Geo\Desktop\GB_Python_8\venv\Lib\site-packages\pkg_resources\_vendor\more_itertools\__pycache__|File|recipes.cpython-310.pyc|20325
C:\Users\Geo\Desktop\GB_Python_8\venv\Lib\site-packages\pkg_resources\_vendor\more_itertools\__pycache__|File|__init__.cpython-310.pyc|264
C:\Users\Geo\Desktop\GB_Python_8\venv\Lib\site-packages\pkg_resources\_vendor\packaging|File|markers.py|8496
C:\Users\Geo\Desktop\GB_Python_8\venv\Lib\site-packages\pkg_resources\_vendor\packaging|File|requirements.py|4706
C:\Users\Geo\Desktop\GB_Python_8\venv\Lib\site-packages\pkg_resources\_vendor\packaging|File|specifiers.py|30110
C:\Users\Geo\Desktop\GB_Python_8\venv\Lib\site-packages\pkg_resources\_vendor\packaging|File|tags.py|15699
C:\Users\Geo\Desktop\GB_Python_8\venv\Lib\site-packages\pkg_resources\_vendor\packaging|File|utils.py|4200
C:\Users\Geo\Desktop\GB_Python_8\venv\Lib\site-packages\pkg_resources\_vendor\packaging|File|version.py|14665
C:\Users\Geo\Desktop\GB_Python_8\venv\Lib\site-packages\pkg_resources\_vendor\packaging|File|_manylinux.py|11488
C:\Users\Geo\Desktop\GB_Python_8\venv\Lib\site-packages\pkg_resources\_vendor\packaging|File|_musllinux.py|4378
C:\Users\Geo\Desktop\GB_Python_8\venv\Lib\site-packages\pkg_resources\_vendor\packaging|File|_structures.py|1431
C:\Users\Geo\Desktop\GB_Python_8\venv\Lib\site-packages\pkg_resources\_vendor\packaging|File|__about__.py|661
C:\Users\Geo\Desktop\GB_Python_8\venv\Lib\site-packages\pkg_resources\_vendor\packaging|File|__init__.py|497
C:\Users\Geo\Desktop\GB_Python_8\venv\Lib\site-packages\pkg_resources\_vendor\packaging|Directory|__pycache__|79147
C:\Users\Geo\Desktop\GB_Python_8\venv\Lib\site-packages\pkg_resources\_vendor\packaging\__pycache__|File|markers.cpython-310.pyc|9297
C:\Users\Geo\Desktop\GB_Python_8\venv\Lib\site-packages\pkg_resources\_vendor\packaging\__pycache__|File|requirements.cpython-310.pyc|3983
C:\Users\Geo\Desktop\GB_Python_8\venv\Lib\site-packages\pkg_resources\_vendor\packaging\__pycache__|File|specifiers.cpython-310.pyc|21526
C:\Users\Geo\Desktop\GB_Python_8\venv\Lib\site-packages\pkg_resources\_vendor\packaging\__pycache__|File|tags.cpython-310.pyc|12195
C:\Users\Geo\Desktop\GB_Python_8\venv\Lib\site-packages\pkg_resources\_vendor\packaging\__pycache__|File|utils.cpython-310.pyc|3574
C:\Users\Geo\Desktop\GB_Python_8\venv\Lib\site-packages\pkg_resources\_vendor\packaging\__pycache__|File|version.cpython-310.pyc|12924
C:\Users\Geo\Desktop\GB_Python_8\venv\Lib\site-packages\pkg_resources\_vendor\packaging\__pycache__|File|_manylinux.cpython-310.pyc|7299
C:\Users\Geo\Desktop\GB_Python_8\venv\Lib\site-packages\pkg_resources\_vendor\packaging\__pycache__|File|_musllinux.cpython-310.pyc|4611
C:\Users\Geo\Desktop\GB_Python_8\venv\Lib\site-packages\pkg_resources\_vendor\packaging\__pycache__|File|_structures.cpython-310.pyc|2704
C:\Users\Geo\Desktop\GB_Python_8\venv\Lib\site-packages\pkg_resources\_vendor\packaging\__pycache__|File|__about__.cpython-310.pyc|589
C:\Users\Geo\Desktop\GB_Python_8\venv\Lib\site-packages\pkg_resources\_vendor\packaging\__pycache__|File|__init__.cpython-310.pyc|445
C:\Users\Geo\Desktop\GB_Python_8\venv\Lib\site-packages\pkg_resources\_vendor\pyparsing|File|actions.py|6426
C:\Users\Geo\Desktop\GB_Python_8\venv\Lib\site-packages\pkg_resources\_vendor\pyparsing|File|common.py|12936
C:\Users\Geo\Desktop\GB_Python_8\venv\Lib\site-packages\pkg_resources\_vendor\pyparsing|File|core.py|213310
C:\Users\Geo\Desktop\GB_Python_8\venv\Lib\site-packages\pkg_resources\_vendor\pyparsing|File|exceptions.py|9023
C:\Users\Geo\Desktop\GB_Python_8\venv\Lib\site-packages\pkg_resources\_vendor\pyparsing|File|helpers.py|39129
C:\Users\Geo\Desktop\GB_Python_8\venv\Lib\site-packages\pkg_resources\_vendor\pyparsing|File|results.py|25341
C:\Users\Geo\Desktop\GB_Python_8\venv\Lib\site-packages\pkg_resources\_vendor\pyparsing|File|testing.py|13402
C:\Users\Geo\Desktop\GB_Python_8\venv\Lib\site-packages\pkg_resources\_vendor\pyparsing|File|unicode.py|10787
C:\Users\Geo\Desktop\GB_Python_8\venv\Lib\site-packages\pkg_resources\_vendor\pyparsing|File|util.py|6805
C:\Users\Geo\Desktop\GB_Python_8\venv\Lib\site-packages\pkg_resources\_vendor\pyparsing|File|__init__.py|9159
C:\Users\Geo\Desktop\GB_Python_8\venv\Lib\site-packages\pkg_resources\_vendor\pyparsing|Directory|diagram|23668
C:\Users\Geo\Desktop\GB_Python_8\venv\Lib\site-packages\pkg_resources\_vendor\pyparsing|Directory|__pycache__|300829
C:\Users\Geo\Desktop\GB_Python_8\venv\Lib\site-packages\pkg_resources\_vendor\pyparsing\diagram|File|__init__.py|23668
C:\Users\Geo\Desktop\GB_Python_8\venv\Lib\site-packages\pkg_resources\_vendor\pyparsing\__pycache__|File|actions.cpython-310.pyc|7178
C:\Users\Geo\Desktop\GB_Python_8\venv\Lib\site-packages\pkg_resources\_vendor\pyparsing\__pycache__|File|common.cpython-310.pyc|10104
C:\Users\Geo\Desktop\GB_Python_8\venv\Lib\site-packages\pkg_resources\_vendor\pyparsing\__pycache__|File|core.cpython-310.pyc|176485
C:\Users\Geo\Desktop\GB_Python_8\venv\Lib\site-packages\pkg_resources\_vendor\pyparsing\__pycache__|File|exceptions.cpython-310.pyc|9062
C:\Users\Geo\Desktop\GB_Python_8\venv\Lib\site-packages\pkg_resources\_vendor\pyparsing\__pycache__|File|helpers.cpython-310.pyc|35339
C:\Users\Geo\Desktop\GB_Python_8\venv\Lib\site-packages\pkg_resources\_vendor\pyparsing\__pycache__|File|results.cpython-310.pyc|24786
C:\Users\Geo\Desktop\GB_Python_8\venv\Lib\site-packages\pkg_resources\_vendor\pyparsing\__pycache__|File|testing.cpython-310.pyc|12098
C:\Users\Geo\Desktop\GB_Python_8\venv\Lib\site-packages\pkg_resources\_vendor\pyparsing\__pycache__|File|unicode.cpython-310.pyc|10057
C:\Users\Geo\Desktop\GB_Python_8\venv\Lib\site-packages\pkg_resources\_vendor\pyparsing\__pycache__|File|util.cpython-310.pyc|8604
C:\Users\Geo\Desktop\GB_Python_8\venv\Lib\site-packages\pkg_resources\_vendor\pyparsing\__pycache__|File|__init__.cpython-310.pyc|7116
C:\Users\Geo\Desktop\GB_Python_8\venv\Lib\site-packages\pkg_resources\_vendor\__pycache__|File|appdirs.cpython-310.pyc|20243
C:\Users\Geo\Desktop\GB_Python_8\venv\Lib\site-packages\pkg_resources\_vendor\__pycache__|File|__init__.cpython-310.pyc|182
C:\Users\Geo\Desktop\GB_Python_8\venv\Lib\site-packages\pkg_resources\__pycache__|File|__init__.cpython-310.pyc|100564
C:\Users\Geo\Desktop\GB_Python_8\venv\Lib\site-packages\setuptools|File|archive_util.py|7346
C:\Users\Geo\Desktop\GB_Python_8\venv\Lib\site-packages\setuptools|File|build_meta.py|19539
C:\Users\Geo\Desktop\GB_Python_8\venv\Lib\site-packages\setuptools|File|cli-32.exe|65536
C:\Users\Geo\Desktop\GB_Python_8\venv\Lib\site-packages\setuptools|File|cli-64.exe|74752
C:\Users\Geo\Desktop\GB_Python_8\venv\Lib\site-packages\setuptools|File|cli-arm64.exe|137216
C:\Users\Geo\Desktop\GB_Python_8\venv\Lib\site-packages\setuptools|File|cli.exe|65536
C:\Users\Geo\Desktop\GB_Python_8\venv\Lib\site-packages\setuptools|File|depends.py|5499
C:\Users\Geo\Desktop\GB_Python_8\venv\Lib\site-packages\setuptools|File|dep_util.py|949
C:\Users\Geo\Desktop\GB_Python_8\venv\Lib\site-packages\setuptools|File|discovery.py|20799
C:\Users\Geo\Desktop\GB_Python_8\venv\Lib\site-packages\setuptools|File|dist.py|45578
C:\Users\Geo\Desktop\GB_Python_8\venv\Lib\site-packages\setuptools|File|errors.py|2464
C:\Users\Geo\Desktop\GB_Python_8\venv\Lib\site-packages\setuptools|File|extension.py|5591
C:\Users\Geo\Desktop\GB_Python_8\venv\Lib\site-packages\setuptools|File|glob.py|4873
C:\Users\Geo\Desktop\GB_Python_8\venv\Lib\site-packages\setuptools|File|gui-32.exe|65536
C:\Users\Geo\Desktop\GB_Python_8\venv\Lib\site-packages\setuptools|File|gui-64.exe|75264
C:\Users\Geo\Desktop\GB_Python_8\venv\Lib\site-packages\setuptools|File|gui-arm64.exe|137728
C:\Users\Geo\Desktop\GB_Python_8\venv\Lib\site-packages\setuptools|File|gui.exe|65536
C:\Users\Geo\Desktop\GB_Python_8\venv\Lib\site-packages\setuptools|File|installer.py|3824
C:\Users\Geo\Desktop\GB_Python_8\venv\Lib\site-packages\setuptools|File|launch.py|812
C:\Users\Geo\Desktop\GB_Python_8\venv\Lib\site-packages\setuptools|File|logging.py|1210
C:\Users\Geo\Desktop\GB_Python_8\venv\Lib\site-packages\setuptools|File|monkey.py|4857
C:\Users\Geo\Desktop\GB_Python_8\venv\Lib\site-packages\setuptools|File|msvc.py|47724
C:\Users\Geo\Desktop\GB_Python_8\venv\Lib\site-packages\setuptools|File|namespaces.py|3093
C:\Users\Geo\Desktop\GB_Python_8\venv\Lib\site-packages\setuptools|File|package_index.py|40329
C:\Users\Geo\Desktop\GB_Python_8\venv\Lib\site-packages\setuptools|File|py34compat.py|245
C:\Users\Geo\Desktop\GB_Python_8\venv\Lib\site-packages\setuptools|File|sandbox.py|14348
C:\Users\Geo\Desktop\GB_Python_8\venv\Lib\site-packages\setuptools|File|script (dev).tmpl|218
C:\Users\Geo\Desktop\GB_Python_8\venv\Lib\site-packages\setuptools|File|script.tmpl|138
C:\Users\Geo\Desktop\GB_Python_8\venv\Lib\site-packages\setuptools|File|unicode_utils.py|941
C:\Users\Geo\Desktop\GB_Python_8\venv\Lib\site-packages\setuptools|File|version.py|144
C:\Users\Geo\Desktop\GB_Python_8\venv\Lib\site-packages\setuptools|File|wheel.py|8376
C:\Users\Geo\Desktop\GB_Python_8\venv\Lib\site-packages\setuptools|File|windows_support.py|718
C:\Users\Geo\Desktop\GB_Python_8\venv\Lib\site-packages\setuptools|File|_deprecation_warning.py|218
C:\Users\Geo\Desktop\GB_Python_8\venv\Lib\site-packages\setuptools|File|_entry_points.py|1972
C:\Users\Geo\Desktop\GB_Python_8\venv\Lib\site-packages\setuptools|File|_imp.py|2392
C:\Users\Geo\Desktop\GB_Python_8\venv\Lib\site-packages\setuptools|File|_importlib.py|1311
C:\Users\Geo\Desktop\GB_Python_8\venv\Lib\site-packages\setuptools|File|_itertools.py|675
C:\Users\Geo\Desktop\GB_Python_8\venv\Lib\site-packages\setuptools|File|_path.py|749
C:\Users\Geo\Desktop\GB_Python_8\venv\Lib\site-packages\setuptools|File|_reqs.py|501
C:\Users\Geo\Desktop\GB_Python_8\venv\Lib\site-packages\setuptools|File|__init__.py|8429
C:\Users\Geo\Desktop\GB_Python_8\venv\Lib\site-packages\setuptools|Directory|command|267898
C:\Users\Geo\Desktop\GB_Python_8\venv\Lib\site-packages\setuptools|Directory|config|369045
C:\Users\Geo\Desktop\GB_Python_8\venv\Lib\site-packages\setuptools|Directory|extern|2512
C:\Users\Geo\Desktop\GB_Python_8\venv\Lib\site-packages\setuptools|Directory|_distutils|604933
C:\Users\Geo\Desktop\GB_Python_8\venv\Lib\site-packages\setuptools|Directory|_vendor|839953
C:\Users\Geo\Desktop\GB_Python_8\venv\Lib\site-packages\setuptools\command|File|alias.py|2381
C:\Users\Geo\Desktop\GB_Python_8\venv\Lib\site-packages\setuptools\command|File|bdist_egg.py|16623
C:\Users\Geo\Desktop\GB_Python_8\venv\Lib\site-packages\setuptools\command|File|bdist_rpm.py|1182
C:\Users\Geo\Desktop\GB_Python_8\venv\Lib\site-packages\setuptools\command|File|build.py|6589
C:\Users\Geo\Desktop\GB_Python_8\venv\Lib\site-packages\setuptools\command|File|build_clib.py|4415
C:\Users\Geo\Desktop\GB_Python_8\venv\Lib\site-packages\setuptools\command|File|build_ext.py|15821
C:\Users\Geo\Desktop\GB_Python_8\venv\Lib\site-packages\setuptools\command|File|build_py.py|14115
C:\Users\Geo\Desktop\GB_Python_8\venv\Lib\site-packages\setuptools\command|File|develop.py|7012
C:\Users\Geo\Desktop\GB_Python_8\venv\Lib\site-packages\setuptools\command|File|dist_info.py|4800
C:\Users\Geo\Desktop\GB_Python_8\venv\Lib\site-packages\setuptools\command|File|easy_install.py|85662
C:\Users\Geo\Desktop\GB_Python_8\venv\Lib\site-packages\setuptools\command|File|editable_wheel.py|31188
C:\Users\Geo\Desktop\GB_Python_8\venv\Lib\site-packages\setuptools\command|File|egg_info.py|26795
C:\Users\Geo\Desktop\GB_Python_8\venv\Lib\site-packages\setuptools\command|File|install.py|5163
C:\Users\Geo\Desktop\GB_Python_8\venv\Lib\site-packages\setuptools\command|File|install_egg_info.py|2226
C:\Users\Geo\Desktop\GB_Python_8\venv\Lib\site-packages\setuptools\command|File|install_lib.py|3875
C:\Users\Geo\Desktop\GB_Python_8\venv\Lib\site-packages\setuptools\command|File|install_scripts.py|2612
C:\Users\Geo\Desktop\GB_Python_8\venv\Lib\site-packages\setuptools\command|File|launcher manifest.xml|628
C:\Users\Geo\Desktop\GB_Python_8\venv\Lib\site-packages\setuptools\command|File|py36compat.py|4946
C:\Users\Geo\Desktop\GB_Python_8\venv\Lib\site-packages\setuptools\command|File|register.py|468
C:\Users\Geo\Desktop\GB_Python_8\venv\Lib\site-packages\setuptools\command|File|rotate.py|2128
C:\Users\Geo\Desktop\GB_Python_8\venv\Lib\site-packages\setuptools\command|File|saveopts.py|658
C:\Users\Geo\Desktop\GB_Python_8\venv\Lib\site-packages\setuptools\command|File|sdist.py|7071
C:\Users\Geo\Desktop\GB_Python_8\venv\Lib\site-packages\setuptools\command|File|setopt.py|5086
C:\Users\Geo\Desktop\GB_Python_8\venv\Lib\site-packages\setuptools\command|File|test.py|8102
C:\Users\Geo\Desktop\GB_Python_8\venv\Lib\site-packages\setuptools\command|File|upload.py|462
C:\Users\Geo\Desktop\GB_Python_8\venv\Lib\site-packages\setuptools\command|File|upload_docs.py|7494
C:\Users\Geo\Desktop\GB_Python_8\venv\Lib\site-packages\setuptools\command|File|__init__.py|396
C:\Users\Geo\Desktop\GB_Python_8\venv\Lib\site-packages\setuptools\config|File|expand.py|16319
C:\Users\Geo\Desktop\GB_Python_8\venv\Lib\site-packages\setuptools\config|File|pyprojecttoml.py|19304
C:\Users\Geo\Desktop\GB_Python_8\venv\Lib\site-packages\setuptools\config|File|setupcfg.py|25198
C:\Users\Geo\Desktop\GB_Python_8\venv\Lib\site-packages\setuptools\config|File|_apply_pyprojecttoml.py|13398
C:\Users\Geo\Desktop\GB_Python_8\venv\Lib\site-packages\setuptools\config|File|__init__.py|1121
C:\Users\Geo\Desktop\GB_Python_8\venv\Lib\site-packages\setuptools\config|Directory|_validate_pyproject|293705
C:\Users\Geo\Desktop\GB_Python_8\venv\Lib\site-packages\setuptools\config\_validate_pyproject|File|error_reporting.py|11266
C:\Users\Geo\Desktop\GB_Python_8\venv\Lib\site-packages\setuptools\config\_validate_pyproject|File|extra_validations.py|1153
C:\Users\Geo\Desktop\GB_Python_8\venv\Lib\site-packages\setuptools\config\_validate_pyproject|File|fastjsonschema_exceptions.py|1612
C:\Users\Geo\Desktop\GB_Python_8\venv\Lib\site-packages\setuptools\config\_validate_pyproject|File|fastjsonschema_validations.py|269900
C:\Users\Geo\Desktop\GB_Python_8\venv\Lib\site-packages\setuptools\config\_validate_pyproject|File|formats.py|8736
C:\Users\Geo\Desktop\GB_Python_8\venv\Lib\site-packages\setuptools\config\_validate_pyproject|File|__init__.py|1038
C:\Users\Geo\Desktop\GB_Python_8\venv\Lib\site-packages\setuptools\extern|File|__init__.py|2512
C:\Users\Geo\Desktop\GB_Python_8\venv\Lib\site-packages\setuptools\_distutils|File|archive_util.py|8603
C:\Users\Geo\Desktop\GB_Python_8\venv\Lib\site-packages\setuptools\_distutils|File|bcppcompiler.py|14789
C:\Users\Geo\Desktop\GB_Python_8\venv\Lib\site-packages\setuptools\_distutils|File|ccompiler.py|47369
C:\Users\Geo\Desktop\GB_Python_8\venv\Lib\site-packages\setuptools\_distutils|File|cmd.py|17973
C:\Users\Geo\Desktop\GB_Python_8\venv\Lib\site-packages\setuptools\_distutils|File|config.py|4920
C:\Users\Geo\Desktop\GB_Python_8\venv\Lib\site-packages\setuptools\_distutils|File|core.py|9451
C:\Users\Geo\Desktop\GB_Python_8\venv\Lib\site-packages\setuptools\_distutils|File|cygwinccompiler.py|12537
C:\Users\Geo\Desktop\GB_Python_8\venv\Lib\site-packages\setuptools\_distutils|File|debug.py|139
C:\Users\Geo\Desktop\GB_Python_8\venv\Lib\site-packages\setuptools\_distutils|File|dep_util.py|3423
C:\Users\Geo\Desktop\GB_Python_8\venv\Lib\site-packages\setuptools\_distutils|File|dir_util.py|8082
C:\Users\Geo\Desktop\GB_Python_8\venv\Lib\site-packages\setuptools\_distutils|File|dist.py|50186
C:\Users\Geo\Desktop\GB_Python_8\venv\Lib\site-packages\setuptools\_distutils|File|errors.py|3589
C:\Users\Geo\Desktop\GB_Python_8\venv\Lib\site-packages\setuptools\_distutils|File|extension.py|10270
C:\Users\Geo\Desktop\GB_Python_8\venv\Lib\site-packages\setuptools\_distutils|File|fancy_getopt.py|17910
C:\Users\Geo\Desktop\GB_Python_8\venv\Lib\site-packages\setuptools\_distutils|File|filelist.py|13713
C:\Users\Geo\Desktop\GB_Python_8\venv\Lib\site-packages\setuptools\_distutils|File|file_util.py|8226
C:\Users\Geo\Desktop\GB_Python_8\venv\Lib\site-packages\setuptools\_distutils|File|log.py|1972
C:\Users\Geo\Desktop\GB_Python_8\venv\Lib\site-packages\setuptools\_distutils|File|msvc9compiler.py|30235
C:\Users\Geo\Desktop\GB_Python_8\venv\Lib\site-packages\setuptools\_distutils|File|msvccompiler.py|23602
C:\Users\Geo\Desktop\GB_Python_8\venv\Lib\site-packages\setuptools\_distutils|File|py38compat.py|217
C:\Users\Geo\Desktop\GB_Python_8\venv\Lib\site-packages\setuptools\_distutils|File|py39compat.py|639
C:\Users\Geo\Desktop\GB_Python_8\venv\Lib\site-packages\setuptools\_distutils|File|spawn.py|3517
C:\Users\Geo\Desktop\GB_Python_8\venv\Lib\site-packages\setuptools\_distutils|File|sysconfig.py|18858
C:\Users\Geo\Desktop\GB_Python_8\venv\Lib\site-packages\setuptools\_distutils|File|text_file.py|12096
C:\Users\Geo\Desktop\GB_Python_8\venv\Lib\site-packages\setuptools\_distutils|File|unixccompiler.py|15641
C:\Users\Geo\Desktop\GB_Python_8\venv\Lib\site-packages\setuptools\_distutils|File|util.py|18128
C:\Users\Geo\Desktop\GB_Python_8\venv\Lib\site-packages\setuptools\_distutils|File|version.py|12952
C:\Users\Geo\Desktop\GB_Python_8\venv\Lib\site-packages\setuptools\_distutils|File|versionpredicate.py|5248
C:\Users\Geo\Desktop\GB_Python_8\venv\Lib\site-packages\setuptools\_distutils|File|_collections.py|1330
C:\Users\Geo\Desktop\GB_Python_8\venv\Lib\site-packages\setuptools\_distutils|File|_functools.py|411
C:\Users\Geo\Desktop\GB_Python_8\venv\Lib\site-packages\setuptools\_distutils|File|_macos_compat.py|239
C:\Users\Geo\Desktop\GB_Python_8\venv\Lib\site-packages\setuptools\_distutils|File|_msvccompiler.py|19672
C:\Users\Geo\Desktop\GB_Python_8\venv\Lib\site-packages\setuptools\_distutils|File|__init__.py|537
C:\Users\Geo\Desktop\GB_Python_8\venv\Lib\site-packages\setuptools\_distutils|Directory|command|208459
C:\Users\Geo\Desktop\GB_Python_8\venv\Lib\site-packages\setuptools\_distutils\command|File|bdist.py|5441
C:\Users\Geo\Desktop\GB_Python_8\venv\Lib\site-packages\setuptools\_distutils\command|File|bdist_dumb.py|4701
C:\Users\Geo\Desktop\GB_Python_8\venv\Lib\site-packages\setuptools\_distutils\command|File|bdist_rpm.py|22051
C:\Users\Geo\Desktop\GB_Python_8\venv\Lib\site-packages\setuptools\_distutils\command|File|build.py|5617
C:\Users\Geo\Desktop\GB_Python_8\venv\Lib\site-packages\setuptools\_distutils\command|File|build_clib.py|7728
C:\Users\Geo\Desktop\GB_Python_8\venv\Lib\site-packages\setuptools\_distutils\command|File|build_ext.py|31558
C:\Users\Geo\Desktop\GB_Python_8\venv\Lib\site-packages\setuptools\_distutils\command|File|build_py.py|16568
C:\Users\Geo\Desktop\GB_Python_8\venv\Lib\site-packages\setuptools\_distutils\command|File|build_scripts.py|5624
C:\Users\Geo\Desktop\GB_Python_8\venv\Lib\site-packages\setuptools\_distutils\command|File|check.py|4888
C:\Users\Geo\Desktop\GB_Python_8\venv\Lib\site-packages\setuptools\_distutils\command|File|clean.py|2603
C:\Users\Geo\Desktop\GB_Python_8\venv\Lib\site-packages\setuptools\_distutils\command|File|config.py|13137
C:\Users\Geo\Desktop\GB_Python_8\venv\Lib\site-packages\setuptools\_distutils\command|File|install.py|30221
C:\Users\Geo\Desktop\GB_Python_8\venv\Lib\site-packages\setuptools\_distutils\command|File|install_data.py|2779
C:\Users\Geo\Desktop\GB_Python_8\venv\Lib\site-packages\setuptools\_distutils\command|File|install_egg_info.py|2785
C:\Users\Geo\Desktop\GB_Python_8\venv\Lib\site-packages\setuptools\_distutils\command|File|install_headers.py|1189
C:\Users\Geo\Desktop\GB_Python_8\venv\Lib\site-packages\setuptools\_distutils\command|File|install_lib.py|8434
C:\Users\Geo\Desktop\GB_Python_8\venv\Lib\site-packages\setuptools\_distutils\command|File|install_scripts.py|1936
C:\Users\Geo\Desktop\GB_Python_8\venv\Lib\site-packages\setuptools\_distutils\command|File|py37compat.py|672
C:\Users\Geo\Desktop\GB_Python_8\venv\Lib\site-packages\setuptools\_distutils\command|File|register.py|11765
C:\Users\Geo\Desktop\GB_Python_8\venv\Lib\site-packages\setuptools\_distutils\command|File|sdist.py|19241
C:\Users\Geo\Desktop\GB_Python_8\venv\Lib\site-packages\setuptools\_distutils\command|File|upload.py|7477
C:\Users\Geo\Desktop\GB_Python_8\venv\Lib\site-packages\setuptools\_distutils\command|File|_framework_compat.py|1614
C:\Users\Geo\Desktop\GB_Python_8\venv\Lib\site-packages\setuptools\_distutils\command|File|__init__.py|430
C:\Users\Geo\Desktop\GB_Python_8\venv\Lib\site-packages\setuptools\_vendor|File|ordered_set.py|15130
C:\Users\Geo\Desktop\GB_Python_8\venv\Lib\site-packages\setuptools\_vendor|File|typing_extensions.py|87149
C:\Users\Geo\Desktop\GB_Python_8\venv\Lib\site-packages\setuptools\_vendor|File|zipp.py|8425
C:\Users\Geo\Desktop\GB_Python_8\venv\Lib\site-packages\setuptools\_vendor|File|__init__.py|0
C:\Users\Geo\Desktop\GB_Python_8\venv\Lib\site-packages\setuptools\_vendor|Directory|importlib_metadata|42846
C:\Users\Geo\Desktop\GB_Python_8\venv\Lib\site-packages\setuptools\_vendor|Directory|importlib_resources|25123
C:\Users\Geo\Desktop\GB_Python_8\venv\Lib\site-packages\setuptools\_vendor|Directory|jaraco|34449
C:\Users\Geo\Desktop\GB_Python_8\venv\Lib\site-packages\setuptools\_vendor|Directory|more_itertools|134297
C:\Users\Geo\Desktop\GB_Python_8\venv\Lib\site-packages\setuptools\_vendor|Directory|packaging|96322
C:\Users\Geo\Desktop\GB_Python_8\venv\Lib\site-packages\setuptools\_vendor|Directory|pyparsing|369986
C:\Users\Geo\Desktop\GB_Python_8\venv\Lib\site-packages\setuptools\_vendor|Directory|tomli|26226
C:\Users\Geo\Desktop\GB_Python_8\venv\Lib\site-packages\setuptools\_vendor\importlib_metadata|File|_adapters.py|1862
C:\Users\Geo\Desktop\GB_Python_8\venv\Lib\site-packages\setuptools\_vendor\importlib_metadata|File|_collections.py|743
C:\Users\Geo\Desktop\GB_Python_8\venv\Lib\site-packages\setuptools\_vendor\importlib_metadata|File|_compat.py|1828
C:\Users\Geo\Desktop\GB_Python_8\venv\Lib\site-packages\setuptools\_vendor\importlib_metadata|File|_functools.py|2895
C:\Users\Geo\Desktop\GB_Python_8\venv\Lib\site-packages\setuptools\_vendor\importlib_metadata|File|_itertools.py|2068
C:\Users\Geo\Desktop\GB_Python_8\venv\Lib\site-packages\setuptools\_vendor\importlib_metadata|File|_meta.py|1154
C:\Users\Geo\Desktop\GB_Python_8\venv\Lib\site-packages\setuptools\_vendor\importlib_metadata|File|_text.py|2166
C:\Users\Geo\Desktop\GB_Python_8\venv\Lib\site-packages\setuptools\_vendor\importlib_metadata|File|__init__.py|30130
C:\Users\Geo\Desktop\GB_Python_8\venv\Lib\site-packages\setuptools\_vendor\importlib_resources|File|abc.py|3886
C:\Users\Geo\Desktop\GB_Python_8\venv\Lib\site-packages\setuptools\_vendor\importlib_resources|File|readers.py|3566
C:\Users\Geo\Desktop\GB_Python_8\venv\Lib\site-packages\setuptools\_vendor\importlib_resources|File|simple.py|2836
C:\Users\Geo\Desktop\GB_Python_8\venv\Lib\site-packages\setuptools\_vendor\importlib_resources|File|_adapters.py|4504
C:\Users\Geo\Desktop\GB_Python_8\venv\Lib\site-packages\setuptools\_vendor\importlib_resources|File|_common.py|2741
C:\Users\Geo\Desktop\GB_Python_8\venv\Lib\site-packages\setuptools\_vendor\importlib_resources|File|_compat.py|2706
C:\Users\Geo\Desktop\GB_Python_8\venv\Lib\site-packages\setuptools\_vendor\importlib_resources|File|_itertools.py|884
C:\Users\Geo\Desktop\GB_Python_8\venv\Lib\site-packages\setuptools\_vendor\importlib_resources|File|_legacy.py|3494
C:\Users\Geo\Desktop\GB_Python_8\venv\Lib\site-packages\setuptools\_vendor\importlib_resources|File|__init__.py|506
C:\Users\Geo\Desktop\GB_Python_8\venv\Lib\site-packages\setuptools\_vendor\jaraco|File|context.py|5420
C:\Users\Geo\Desktop\GB_Python_8\venv\Lib\site-packages\setuptools\_vendor\jaraco|File|functools.py|13512
C:\Users\Geo\Desktop\GB_Python_8\venv\Lib\site-packages\setuptools\_vendor\jaraco|File|__init__.py|0
C:\Users\Geo\Desktop\GB_Python_8\venv\Lib\site-packages\setuptools\_vendor\jaraco|Directory|text|15517
C:\Users\Geo\Desktop\GB_Python_8\venv\Lib\site-packages\setuptools\_vendor\jaraco\text|File|__init__.py|15517
C:\Users\Geo\Desktop\GB_Python_8\venv\Lib\site-packages\setuptools\_vendor\more_itertools|File|more.py|117959
C:\Users\Geo\Desktop\GB_Python_8\venv\Lib\site-packages\setuptools\_vendor\more_itertools|File|recipes.py|16256
C:\Users\Geo\Desktop\GB_Python_8\venv\Lib\site-packages\setuptools\_vendor\more_itertools|File|__init__.py|82
C:\Users\Geo\Desktop\GB_Python_8\venv\Lib\site-packages\setuptools\_vendor\packaging|File|markers.py|8493
C:\Users\Geo\Desktop\GB_Python_8\venv\Lib\site-packages\setuptools\_vendor\packaging|File|requirements.py|4700
C:\Users\Geo\Desktop\GB_Python_8\venv\Lib\site-packages\setuptools\_vendor\packaging|File|specifiers.py|30110
C:\Users\Geo\Desktop\GB_Python_8\venv\Lib\site-packages\setuptools\_vendor\packaging|File|tags.py|15699
C:\Users\Geo\Desktop\GB_Python_8\venv\Lib\site-packages\setuptools\_vendor\packaging|File|utils.py|4200
C:\Users\Geo\Desktop\GB_Python_8\venv\Lib\site-packages\setuptools\_vendor\packaging|File|version.py|14665
C:\Users\Geo\Desktop\GB_Python_8\venv\Lib\site-packages\setuptools\_vendor\packaging|File|_manylinux.py|11488
C:\Users\Geo\Desktop\GB_Python_8\venv\Lib\site-packages\setuptools\_vendor\packaging|File|_musllinux.py|4378
C:\Users\Geo\Desktop\GB_Python_8\venv\Lib\site-packages\setuptools\_vendor\packaging|File|_structures.py|1431
C:\Users\Geo\Desktop\GB_Python_8\venv\Lib\site-packages\setuptools\_vendor\packaging|File|__about__.py|661
C:\Users\Geo\Desktop\GB_Python_8\venv\Lib\site-packages\setuptools\_vendor\packaging|File|__init__.py|497
C:\Users\Geo\Desktop\GB_Python_8\venv\Lib\site-packages\setuptools\_vendor\pyparsing|File|actions.py|6426
C:\Users\Geo\Desktop\GB_Python_8\venv\Lib\site-packages\setuptools\_vendor\pyparsing|File|common.py|12936
C:\Users\Geo\Desktop\GB_Python_8\venv\Lib\site-packages\setuptools\_vendor\pyparsing|File|core.py|213310
C:\Users\Geo\Desktop\GB_Python_8\venv\Lib\site-packages\setuptools\_vendor\pyparsing|File|exceptions.py|9023
C:\Users\Geo\Desktop\GB_Python_8\venv\Lib\site-packages\setuptools\_vendor\pyparsing|File|helpers.py|39129
C:\Users\Geo\Desktop\GB_Python_8\venv\Lib\site-packages\setuptools\_vendor\pyparsing|File|results.py|25341
C:\Users\Geo\Desktop\GB_Python_8\venv\Lib\site-packages\setuptools\_vendor\pyparsing|File|testing.py|13402
C:\Users\Geo\Desktop\GB_Python_8\venv\Lib\site-packages\setuptools\_vendor\pyparsing|File|unicode.py|10787
C:\Users\Geo\Desktop\GB_Python_8\venv\Lib\site-packages\setuptools\_vendor\pyparsing|File|util.py|6805
C:\Users\Geo\Desktop\GB_Python_8\venv\Lib\site-packages\setuptools\_vendor\pyparsing|File|__init__.py|9159
C:\Users\Geo\Desktop\GB_Python_8\venv\Lib\site-packages\setuptools\_vendor\pyparsing|Directory|diagram|23668
C:\Users\Geo\Desktop\GB_Python_8\venv\Lib\site-packages\setuptools\_vendor\pyparsing\diagram|File|__init__.py|23668
C:\Users\Geo\Desktop\GB_Python_8\venv\Lib\site-packages\setuptools\_vendor\tomli|File|_parser.py|22633
C:\Users\Geo\Desktop\GB_Python_8\venv\Lib\site-packages\setuptools\_vendor\tomli|File|_re.py|2943
C:\Users\Geo\Desktop\GB_Python_8\venv\Lib\site-packages\setuptools\_vendor\tomli|File|_types.py|254
C:\Users\Geo\Desktop\GB_Python_8\venv\Lib\site-packages\setuptools\_vendor\tomli|File|__init__.py|396
C:\Users\Geo\Desktop\GB_Python_8\venv\Lib\site-packages\setuptools-65.5.1.dist-info|File|entry_points.txt|2740
C:\Users\Geo\Desktop\GB_Python_8\venv\Lib\site-packages\setuptools-65.5.1.dist-info|File|INSTALLER|5
C:\Users\Geo\Desktop\GB_Python_8\venv\Lib\site-packages\setuptools-65.5.1.dist-info|File|LICENSE|1050
C:\Users\Geo\Desktop\GB_Python_8\venv\Lib\site-packages\setuptools-65.5.1.dist-info|File|METADATA|6311
C:\Users\Geo\Desktop\GB_Python_8\venv\Lib\site-packages\setuptools-65.5.1.dist-info|File|RECORD|35656
C:\Users\Geo\Desktop\GB_Python_8\venv\Lib\site-packages\setuptools-65.5.1.dist-info|File|top_level.txt|41
C:\Users\Geo\Desktop\GB_Python_8\venv\Lib\site-packages\setuptools-65.5.1.dist-info|File|WHEEL|92
C:\Users\Geo\Desktop\GB_Python_8\venv\Lib\site-packages\wheel|File|bdist_wheel.py|19293
C:\Users\Geo\Desktop\GB_Python_8\venv\Lib\site-packages\wheel|File|macosx_libfile.py|16145
C:\Users\Geo\Desktop\GB_Python_8\venv\Lib\site-packages\wheel|File|metadata.py|3727
C:\Users\Geo\Desktop\GB_Python_8\venv\Lib\site-packages\wheel|File|util.py|621
C:\Users\Geo\Desktop\GB_Python_8\venv\Lib\site-packages\wheel|File|wheelfile.py|7536
C:\Users\Geo\Desktop\GB_Python_8\venv\Lib\site-packages\wheel|File|_setuptools_logging.py|746
C:\Users\Geo\Desktop\GB_Python_8\venv\Lib\site-packages\wheel|File|__init__.py|59
C:\Users\Geo\Desktop\GB_Python_8\venv\Lib\site-packages\wheel|File|__main__.py|455
C:\Users\Geo\Desktop\GB_Python_8\venv\Lib\site-packages\wheel|Directory|cli|15853
C:\Users\Geo\Desktop\GB_Python_8\venv\Lib\site-packages\wheel|Directory|vendored|31475
C:\Users\Geo\Desktop\GB_Python_8\venv\Lib\site-packages\wheel\cli|File|convert.py|9427
C:\Users\Geo\Desktop\GB_Python_8\venv\Lib\site-packages\wheel\cli|File|pack.py|3383
C:\Users\Geo\Desktop\GB_Python_8\venv\Lib\site-packages\wheel\cli|File|unpack.py|659
C:\Users\Geo\Desktop\GB_Python_8\venv\Lib\site-packages\wheel\cli|File|__init__.py|2384
C:\Users\Geo\Desktop\GB_Python_8\venv\Lib\site-packages\wheel\vendored|File|__init__.py|0
C:\Users\Geo\Desktop\GB_Python_8\venv\Lib\site-packages\wheel\vendored|Directory|packaging|31475
C:\Users\Geo\Desktop\GB_Python_8\venv\Lib\site-packages\wheel\vendored\packaging|File|tags.py|15612
C:\Users\Geo\Desktop\GB_Python_8\venv\Lib\site-packages\wheel\vendored\packaging|File|_manylinux.py|11489
C:\Users\Geo\Desktop\GB_Python_8\venv\Lib\site-packages\wheel\vendored\packaging|File|_musllinux.py|4374
C:\Users\Geo\Desktop\GB_Python_8\venv\Lib\site-packages\wheel\vendored\packaging|File|__init__.py|0
C:\Users\Geo\Desktop\GB_Python_8\venv\Lib\site-packages\wheel-0.38.4.dist-info|File|entry_points.txt|107
C:\Users\Geo\Desktop\GB_Python_8\venv\Lib\site-packages\wheel-0.38.4.dist-info|File|INSTALLER|5
C:\Users\Geo\Desktop\GB_Python_8\venv\Lib\site-packages\wheel-0.38.4.dist-info|File|LICENSE.txt|1107
C:\Users\Geo\Desktop\GB_Python_8\venv\Lib\site-packages\wheel-0.38.4.dist-info|File|METADATA|2110
C:\Users\Geo\Desktop\GB_Python_8\venv\Lib\site-packages\wheel-0.38.4.dist-info|File|RECORD|2835
C:\Users\Geo\Desktop\GB_Python_8\venv\Lib\site-packages\wheel-0.38.4.dist-info|File|top_level.txt|6
C:\Users\Geo\Desktop\GB_Python_8\venv\Lib\site-packages\wheel-0.38.4.dist-info|File|WHEEL|92
C:\Users\Geo\Desktop\GB_Python_8\venv\Lib\site-packages\_distutils_hack|File|override.py|44
C:\Users\Geo\Desktop\GB_Python_8\venv\Lib\site-packages\_distutils_hack|File|__init__.py|6128
C:\Users\Geo\Desktop\GB_Python_8\venv\Lib\site-packages\_distutils_hack|Directory|__pycache__|7580
C:\Users\Geo\Desktop\GB_Python_8\venv\Lib\site-packages\_distutils_hack\__pycache__|File|__init__.cpython-310.pyc|7580
C:\Users\Geo\Desktop\GB_Python_8\venv\Lib\site-packages\__pycache__|File|_virtualenv.cpython-310.pyc|4040
C:\Users\Geo\Desktop\GB_Python_8\venv\Scripts|File|activate|2160
C:\Users\Geo\Desktop\GB_Python_8\venv\Scripts|File|activate.bat|1013
C:\Users\Geo\Desktop\GB_Python_8\venv\Scripts|File|activate.fish|3037
C:\Users\Geo\Desktop\GB_Python_8\venv\Scripts|File|activate.nu|2593
C:\Users\Geo\Desktop\GB_Python_8\venv\Scripts|File|activate.ps1|1758
C:\Users\Geo\Desktop\GB_Python_8\venv\Scripts|File|activate_this.py|1169
C:\Users\Geo\Desktop\GB_Python_8\venv\Scripts|File|deactivate.bat|511
C:\Users\Geo\Desktop\GB_Python_8\venv\Scripts|File|deactivate.nu|682
C:\Users\Geo\Desktop\GB_Python_8\venv\Scripts|File|pip-3.10.exe|108415
C:\Users\Geo\Desktop\GB_Python_8\venv\Scripts|File|pip.exe|108415
C:\Users\Geo\Desktop\GB_Python_8\venv\Scripts|File|pip3.10.exe|108415
C:\Users\Geo\Desktop\GB_Python_8\venv\Scripts|File|pip3.exe|108415
C:\Users\Geo\Desktop\GB_Python_8\venv\Scripts|File|pydoc.bat|24
C:\Users\Geo\Desktop\GB_Python_8\venv\Scripts|File|python.exe|263120
C:\Users\Geo\Desktop\GB_Python_8\venv\Scripts|File|pythonw.exe|251856
C:\Users\Geo\Desktop\GB_Python_8\venv\Scripts|File|wheel-3.10.exe|108402
C:\Users\Geo\Desktop\GB_Python_8\venv\Scripts|File|wheel.exe|108402
C:\Users\Geo\Desktop\GB_Python_8\venv\Scripts|File|wheel3.10.exe|108402
C:\Users\Geo\Desktop\GB_Python_8\venv\Scripts|File|wheel3.exe|108402
